"id","first_name","last_name","email","specialty","phone","medical_code","years_of_experience"
50,"Inness","Youson","iyouson1d@earthlink.net","Gastroenterology","665-920-9152","96-254-7024",10
49,"Jeannie","Skillington","jskillington1c@vinaora.com","Rheumatology","971-458-8027","64-788-4450",2
48,"Lisetta","Dafter","ldafter1b@linkedin.com","Anaesthesiology","105-790-5987","65-276-2264",16
47,"Adolphus","Mitrikhin","amitrikhin1a@canalblog.com","Cardiology","856-192-2372","81-056-5440",10
46,"Gypsy","Calterone","gcalterone19@nhs.uk","Hematology","570-987-6435","32-634-8268",1
45,"Calli","Postan","cpostan18@meetup.com","Psychiatry","618-974-6531","07-759-4898",3
44,"Hallie","Josephov","hjosephov17@boston.com","Endocrinology","632-730-7466","46-990-8460",11
43,"Grenville","Citrine","gcitrine16@virginia.edu","Gastroenterology","610-558-3308","68-382-4469",2
42,"Denver","Stathor","dstathor15@smugmug.com","General practice","889-239-1211","05-782-3554",10
41,"Jude","Pitrelli","jpitrelli14@elpais.com","Obstetrics and gynaecology","580-413-2019","78-148-1536",6
40,"Zonnya","Ferrulli","zferrulli13@fotki.com","Endocrinology","139-260-6612","66-092-5600",12
39,"Salvador","O'Driscoll","sodriscoll12@tmall.com","Dentistry","848-743-2191","28-186-2838",6
38,"Tresa","Sundin","tsundin11@cnet.com","Surgery","401-100-6306","92-243-6859",11
37,"Judas","Extill","jextill10@booking.com","Ophthalmology","326-364-5937","95-083-7962",5
36,"Avictor","Loukes","aloukesz@csmonitor.com","Ophthalmology","842-524-6466","10-449-0494",17
35,"Wynn","Clegg","wcleggy@aboutads.info","Vascular surgery","239-166-9689","19-445-6216",13
34,"Lori","Rickaert","lrickaertx@businesswire.com","Hematology","629-115-9156","56-211-6113",1
33,"Eugenia","Conibear","econibearw@cornell.edu","Endocrinology","884-638-8072","60-624-4752",5
32,"Star","Boldock","sboldockv@plala.or.jp","Neurology","514-853-6592","69-310-2749",3
31,"Raviv","Lissandre","rlissandreu@aboutads.info","Psychiatry","651-511-5185","48-607-5053",7
30,"Rosemarie","Mishaw","rmishawt@dropbox.com","Cardiology","945-735-7212","64-336-2626",6
29,"Carmelle","Buchanan","cbuchanans@technorati.com","Clinical pharmacology","252-392-1468","59-995-5410",14
28,"Emylee","Simao","esimaor@samsung.com","Pediatrics","914-800-6326","73-779-1063",2
27,"Jarrid","Petrelluzzi","jpetrelluzziq@who.int","Geriatrics","480-766-8015","27-936-1415",7
26,"Ker","Reichhardt","kreichhardtp@cargocollective.com","Vascular surgery","632-390-0993","49-425-8610",7
25,"Vivia","McGoogan","vmcgoogano@a8.net","Obstetrics and gynaecology","690-713-0766","47-489-7583",6
24,"Elysha","Dunleavy","edunleavyn@telegraph.co.uk","Oncology","565-691-2824","29-629-3502",11
23,"Pen","Garric","pgarricm@github.com","Dentistry","404-411-5584","86-430-1219",2
22,"Maxi","Bedlington","mbedlingtonl@naver.com","Gastroenterology","103-377-0627","08-432-8371",16
21,"Dave","Coucher","dcoucherk@earthlink.net","Geriatrics","770-995-9429","91-690-1841",11
20,"Elle","Pfaff","epfaffj@epa.gov","Clinical pharmacology","205-969-2529","57-675-3403",12
19,"Lotta","Bartlomieczak","lbartlomieczaki@dyndns.org","Rehabilitation medicine","861-809-4759","14-810-1781",11
18,"Verena","Ledrun","vledrunh@boston.com","Pediatrics","997-385-0897","40-682-5130",11
17,"Jamey","Manlow","jmanlowg@loc.gov","Geriatrics","791-557-6647","32-521-9122",12
16,"Correy","Caudrelier","ccaudrelierf@de.vu","Allergology","118-965-9035","47-714-7488",4
15,"Abner","Biasio","abiasioe@photobucket.com","Respiratory medicine","717-865-7374","12-226-5063",12
14,"Karlie","Aingel","kaingeld@netscape.com","Obstetrics and gynaecology","645-295-5628","21-395-0258",17
13,"Ky","Audas","kaudasc@cpanel.net","Gastroenterology","170-221-6207","38-262-5640",10
12,"Filmore","Radke","fradkeb@jiathis.com","Pediatrics","629-685-2745","06-503-2375",1
11,"Lolly","Simeoli","lsimeolia@nationalgeographic.com","Cardiology","300-802-6593","97-001-7079",15
10,"Julina","Heelis","jheelis9@mac.com","Infectious diseases","697-908-7141","19-749-0749",3
9,"Phyllida","Blucher","pblucher8@devhub.com","Surgery","702-752-6689","19-828-4791",13
8,"Ambrosi","Kernaghan","akernaghan7@moonfruit.com","Pediatrics","250-445-2226","26-827-6815",5
7,"Leonelle","Hedges","lhedges6@cbsnews.com","Allergology","999-712-4171","25-129-4080",14
6,"Arvin","Durnell","adurnell5@chronoengine.com","Surgery","605-763-0366","35-834-2684",7
5,"Valerye","Wannan","vwannan4@edublogs.org","Gastroenterology","981-558-6972","55-781-5609",1
4,"Niki","Shawyer","nshawyer3@dyndns.org","Infectious diseases","304-690-9689","95-972-1855",14
3,"Cori","Swindells","cswindells2@bbb.org","Vascular surgery","891-917-4545","98-495-3619",14
2,"Gordy","O'Heaney","goheaney1@senate.gov","Gastroenterology","857-728-1564","41-736-1952",13
1,"Beverley","Huygens","bhuygens0@imageshack.us","Obstetrics and gynaecology","363-941-5601","98-894-6699",3
101,"Brittni","Niset","bniset2s@reuters.com","Surgery","566-467-4904","89-957-9727",3
100,"Innis","Caulier","icaulier2r@meetup.com","Internal medicine","291-114-7732","03-314-5135",2
99,"Paten","Raccio","praccio2q@youtu.be","Surgery","714-870-3865","27-401-6662",11
98,"Wallie","Vedenichev","wvedenichev2p@marriott.com","Cardiology","255-548-2869","93-896-8404",6
97,"Winnifred","Rathmell","wrathmell2o@google.ru","Rehabilitation medicine","447-855-3489","49-528-6395",18
96,"Gal","Vakhrushin","gvakhrushin2n@ifeng.com","Internal medicine","720-403-0311","58-470-7633",4
95,"Beckie","Howley","bhowley2m@google.ru","Psychiatry","635-249-5818","50-970-1605",7
94,"Ofella","Kelsell","okelsell2l@soup.io","Neurology","145-810-4921","87-431-1095",14
93,"Christy","Kilshaw","ckilshaw2k@guardian.co.uk","Orthopaedics","264-967-0068","66-179-8006",2
92,"Casi","Stirton","cstirton2j@alibaba.com","Rehabilitation medicine","619-734-5422","81-495-4278",8
91,"Carrol","Fendlow","cfendlow2i@jiathis.com","Vascular surgery","767-786-1893","01-244-1561",11
90,"Melva","Durdy","mdurdy2h@stumbleupon.com","Orthopaedics","489-545-9664","93-831-5122",1
89,"Rodger","Grissett","rgrissett2g@networkadvertising.org","Urology","740-551-8062","74-545-1777",15
88,"Faun","Grabbam","fgrabbam2f@jalbum.net","Clinical pharmacology","749-304-7155","43-987-2179",10
87,"Stefanie","Marlin","smarlin2e@bluehost.com","Infectious diseases","953-665-1987","34-293-6370",13
86,"Clo","Haswell","chaswell2d@cpanel.net","Psychiatry","989-776-1064","56-274-0880",4
85,"Mar","Hails","mhails2c@webmd.com","Oncology","463-746-5640","20-923-9468",18
84,"Averyl","Eilhermann","aeilhermann2b@psu.edu","Psychiatry","690-951-7944","60-465-8401",11
83,"Karney","Fowell","kfowell2a@webs.com","Obstetrics and gynaecology","253-418-0575","39-081-4787",18
82,"David","Germaine","dgermaine29@senate.gov","Allergology","814-608-2492","52-693-7464",8
81,"Rubina","Gogie","rgogie28@uiuc.edu","Orthopaedics","410-166-0626","29-376-8376",16
80,"Manda","Pahlsson","mpahlsson27@nba.com","Otolaryngology","655-458-0055","40-385-1172",15
79,"Susette","Delaney","sdelaney26@house.gov","Surgery","178-138-4365","63-987-7130",16
78,"Darla","Dirr","ddirr25@printfriendly.com","Pulmonology","973-948-8108","49-259-0374",13
77,"Dicky","Waldocke","dwaldocke24@wisc.edu","Surgery","273-928-1269","45-400-1489",1
76,"Kendal","Gallard","kgallard23@fc2.com","Dermatology","768-756-0560","08-995-1833",1
75,"Morgen","Rene","mrene22@newsvine.com","Vascular surgery","972-901-7874","13-326-2595",5
74,"Shelia","Giacomuzzo","sgiacomuzzo21@springer.com","Rehabilitation medicine","523-752-0049","59-414-3193",2
73,"Arron","Soff","asoff20@marketwatch.com","Nephrology","679-292-9312","80-795-5017",15
72,"Romy","Vigietti","rvigietti1z@admin.ch","Endocrinology","810-862-4372","04-264-6939",17
71,"Dolph","Grisenthwaite","dgrisenthwaite1y@about.me","General practice","517-214-0094","70-256-5150",6
70,"Tally","Ricardon","tricardon1x@marketwatch.com","Geriatrics","785-716-1329","08-613-9382",11
69,"Korella","Ruslinge","kruslinge1w@unc.edu","Pulmonology","604-531-2539","59-439-5779",18
68,"Shauna","Lomis","slomis1v@answers.com","Oncology","902-282-7043","01-936-9897",16
67,"Henri","Blyth","hblyth1u@biglobe.ne.jp","Pediatrics","312-905-4691","90-613-3413",12
66,"Millie","Hollidge","mhollidge1t@cloudflare.com","Anaesthesiology","196-551-4817","81-959-6460",17
65,"Justine","Lorinez","jlorinez1s@sfgate.com","Pulmonology","330-832-3477","84-711-9932",5
64,"Elizabet","Whitsun","ewhitsun1r@mapy.cz","Surgery","581-385-9515","30-956-1960",10
63,"Ambrosius","Blindermann","ablindermann1q@joomla.org","Orthopedics","304-594-4406","63-590-5968",3
62,"Abel","Tomasino","atomasino1p@friendfeed.com","Nephrology","478-798-7304","11-106-5523",7
61,"Dido","Ayllett","dayllett1o@redcross.org","Cardiology","565-682-9835","78-798-8778",3
60,"Opaline","Goodinson","ogoodinson1n@spiegel.de","Endocrinology","768-843-1952","94-403-1051",6
59,"Starla","Frankel","sfrankel1m@apache.org","Neurology","130-733-2597","80-219-8266",1
58,"Eirena","Slides","eslides1l@wp.com","Pediatrics","172-132-8008","93-706-8161",4
57,"Tommie","Connolly","tconnolly1k@blinklist.com","Endocrinology","277-209-0078","08-406-7860",13
56,"Rusty","Poston","rposton1j@amazon.de","Hematology","143-997-8181","35-810-5760",3
55,"Guntar","Dungate","gdungate1i@desdev.cn","Dermatology","652-111-7819","90-561-5199",10
54,"Tiffi","Dunthorne","tdunthorne1h@upenn.edu","Anaesthesiology","292-976-0128","85-474-5696",2
53,"Haroun","Burdekin","hburdekin1g@hibu.com","Respiratory medicine","442-984-5279","05-763-1603",5
52,"Pennie","Seamons","pseamons1f@shareasale.com","Surgery","361-796-2364","74-377-5530",17
153,"Othilia","Butland","obutland48@hao123.com","Surgery","235-456-6128","76-448-6234",18
152,"Reggis","MacGovern","rmacgovern47@sciencedaily.com","Oncology","726-661-6159","42-852-0862",8
151,"Gustav","Fulloway","gfulloway46@typepad.com","Dentistry","683-839-5967","26-499-8047",6
150,"Andres","Lowings","alowings45@live.com","Respiratory medicine","473-725-6645","40-696-5385",12
149,"Albina","McSparran","amcsparran44@opera.com","Hematology","736-254-2028","36-064-8521",5
148,"Fee","Irce","firce43@ucla.edu","Surgery","133-622-4539","65-919-5929",14
147,"Jaquelin","Gregore","jgregore42@cam.ac.uk","Geriatrics","544-641-7732","76-410-8076",13
146,"Natty","Tabb","ntabb41@indiegogo.com","Gastroenterology","736-120-8251","79-827-6652",14
145,"Duff","Jennaroy","djennaroy40@clickbank.net","Ophthalmology","225-842-9718","41-665-0066",7
144,"Ermina","Tulleth","etulleth3z@ucoz.ru","Nephrology","313-112-0162","33-650-8992",16
143,"Jamaal","Cicconettii","jcicconettii3y@blogger.com","Allergology","277-423-3581","14-513-6399",12
142,"Armando","Abad","aabad3x@theglobeandmail.com","Ophthalmology","258-921-6751","43-902-2312",15
141,"Rodie","Blankett","rblankett3w@narod.ru","Nephrology","991-566-4967","79-611-8536",5
140,"Gail","Starmer","gstarmer3v@newyorker.com","Surgery","559-364-1648","38-968-8694",7
139,"Donelle","Klemps","dklemps3u@nature.com","Cardiology","702-145-4223","76-775-2636",10
138,"Mychal","Yusupov","myusupov3t@angelfire.com","Obstetrics and gynaecology","771-213-8027","01-416-5177",15
137,"Marc","Ireson","mireson3s@themeforest.net","Orthopedics","488-979-3901","81-805-6901",11
136,"Kylie","Eusden","keusden3r@exblog.jp","Gastroenterology","680-603-9701","18-074-1128",6
135,"Modesta","Brane","mbrane3q@gov.uk","Radiology","189-278-9762","52-906-3891",11
134,"Konrad","Jardine","kjardine3p@youtu.be","Hematology","346-374-5675","28-096-5205",17
133,"Dulcia","Reen","dreen3o@e-recht24.de","Neurology","899-724-7973","31-049-5695",2
132,"Mireille","Bruff","mbruff3n@ask.com","Infectious diseases","149-380-7522","90-142-4586",8
131,"Pepe","Gareisr","pgareisr3m@comcast.net","Surgery","238-889-6740","22-818-1407",5
130,"Tiphany","Plimmer","tplimmer3l@hao123.com","Allergology","411-343-0736","85-954-6089",8
129,"Carmen","Carding","ccarding3k@qq.com","Vascular surgery","170-243-2292","33-559-0381",17
128,"Tess","Pammenter","tpammenter3j@disqus.com","Gastroenterology","992-940-6664","10-952-5019",12
127,"Seth","de'-Ancy Willis","sdeancywillis3i@posterous.com","Hematology","416-346-7865","77-260-3822",17
126,"Kailey","Mundy","kmundy3h@amazonaws.com","Rehabilitation medicine","266-626-2034","60-190-7583",3
125,"Katinka","Govini","kgovini3g@army.mil","Surgery","973-733-8310","98-223-5938",12
124,"Barb","Aloway","baloway3f@webs.com","Respiratory medicine","211-983-8489","49-210-0238",17
123,"Eve","Lucus","elucus3e@buzzfeed.com","Respiratory medicine","277-883-6518","76-246-9098",3
122,"Mufi","MacKinnon","mmackinnon3d@free.fr","Internal medicine","895-651-6135","92-143-2652",16
121,"Loydie","Grieg","lgrieg3c@example.com","Surgery","643-884-8884","62-911-9585",5
120,"Carroll","Parnham","cparnham3b@slideshare.net","Gastroenterology","381-230-0939","30-876-9230",13
119,"Huntlee","Skule","hskule3a@ifeng.com","Urology","164-432-0745","36-753-7020",15
118,"Cindy","Cairns","ccairns39@google.nl","Otolaryngology","153-285-7772","53-564-8162",11
117,"Simone","Covolini","scovolini38@yellowbook.com","Vascular surgery","911-531-4198","02-989-1626",7
116,"Carline","Lestrange","clestrange37@thetimes.co.uk","Ophthalmology","273-452-4133","31-712-0534",17
115,"Toiboid","Mereweather","tmereweather36@example.com","Nephrology","112-460-4995","05-370-3292",13
114,"Ophelia","Lucks","olucks35@shop-pro.jp","Rheumatology","732-326-8224","69-972-2263",13
113,"Nicolis","Petrovsky","npetrovsky34@de.vu","Ophthalmology","509-934-7679","48-830-6641",6
112,"Charisse","Gane","cgane33@hatena.ne.jp","Surgery","446-721-9778","37-662-7268",13
111,"Jody","Curnok","jcurnok32@umich.edu","Surgery","555-550-2808","98-937-9623",17
110,"Elsa","O Mullen","eomullen31@godaddy.com","Endocrinology","817-420-9820","00-909-4807",14
109,"Haley","Rosenbaum","hrosenbaum30@unesco.org","Ophthalmology","427-952-8492","91-005-1203",13
108,"Amelia","Struttman","astruttman2z@furl.net","Surgery","853-590-2299","44-003-0109",7
107,"Lilia","Jiran","ljiran2y@yandex.ru","Pulmonology","567-221-4129","12-306-0555",18
106,"Quintina","Andrzejak","qandrzejak2x@booking.com","Obstetrics and gynaecology","555-191-0054","96-563-5292",12
105,"Dominique","Pincked","dpincked2w@microsoft.com","Otolaryngology","435-796-8515","92-333-8475",6
104,"Chester","Doucette","cdoucette2v@ovh.net","Oncology","895-488-9798","72-718-4726",14
103,"Riki","Riba","rriba2u@51.la","Nephrology","985-392-2147","61-602-7891",1
204,"Cosette","Gerner","cgerner5n@i2i.jp","Ophthalmology","806-534-4353","62-341-6326",9
203,"Arthur","Norker","anorker5m@amazon.co.jp","General practice","878-177-8121","90-186-1800",7
202,"Kris","Donald","kdonald5l@surveymonkey.com","Orthopedics","735-616-5260","29-820-6421",15
201,"Fara","Simka","fsimka5k@washingtonpost.com","Nephrology","325-350-3657","30-230-7319",1
200,"Zsazsa","Illiston","zilliston5j@pagesperso-orange.fr","Dentistry","895-574-5885","31-882-0882",1
199,"Oates","Eickhoff","oeickhoff5i@nbcnews.com","Internal medicine","672-529-7089","75-304-1529",13
198,"Dmitri","Folder","dfolder5h@wsj.com","General practice","128-684-7958","29-617-5417",13
197,"Christie","Ramalho","cramalho5g@theguardian.com","Rheumatology","676-777-1438","27-732-0685",12
196,"Susy","McAuslene","smcauslene5f@walmart.com","Oncology","667-358-9657","98-841-4651",2
195,"Haze","Mendenhall","hmendenhall5e@uiuc.edu","Rheumatology","634-605-2142","49-294-9270",18
194,"Wadsworth","Ogley","wogley5d@sina.com.cn","Respiratory medicine","307-998-6993","51-775-6514",11
193,"Laraine","Fraanchyonok","lfraanchyonok5c@google.pl","Orthopaedics","221-994-9075","42-929-0842",17
192,"Niki","Garatty","ngaratty5b@1688.com","Pulmonology","107-437-2031","07-294-3490",5
191,"Carrissa","Mangeney","cmangeney5a@hostgator.com","Neurology","901-733-6626","00-443-7465",18
190,"Cheston","Sprigings","csprigings59@examiner.com","Pediatrics","122-841-0078","17-590-0546",13
189,"Ferdinand","Hugli","fhugli58@ycombinator.com","Allergology","736-543-1464","85-580-8834",15
188,"Sampson","Ida","sida57@gov.uk","Anaesthesiology","474-745-8562","00-375-2491",15
187,"Wendeline","Guichard","wguichard56@barnesandnoble.com","Vascular surgery","379-587-8099","55-905-7847",10
186,"Kiley","Livesay","klivesay55@lycos.com","Pulmonology","944-496-1503","35-204-7552",12
185,"Nicolas","Cuseck","ncuseck54@blogger.com","Pediatrics","397-860-0205","81-523-6507",1
184,"Randi","Bompas","rbompas53@ebay.com","Hematology","962-737-6959","37-919-9036",12
183,"Sabra","Mossbee","smossbee52@bravesites.com","Oncology","722-528-5749","31-098-9908",3
182,"Bili","Jamison","bjamison51@goo.gl","Surgery","618-276-7133","50-121-9348",17
181,"Pennie","Fintoph","pfintoph50@amazon.de","Surgery","766-634-1554","26-034-1993",2
180,"Codie","Nuttey","cnuttey4z@nasa.gov","Neurology","713-154-3004","03-383-7288",4
179,"Noami","Glisane","nglisane4y@sina.com.cn","Endocrinology","272-506-2819","88-671-7878",17
178,"Janella","Earpe","jearpe4x@accuweather.com","Neurology","232-531-4776","25-571-5431",4
177,"Nonie","Cradick","ncradick4w@ftc.gov","Orthopedics","601-832-2146","05-025-5988",2
176,"Ysabel","Baroche","ybaroche4v@kickstarter.com","Urology","247-847-8505","32-643-9088",17
175,"Burlie","Hawkswell","bhawkswell4u@google.pl","Orthopaedics","148-718-8364","70-210-5067",16
174,"Shay","Hellyar","shellyar4t@github.io","Orthopedics","250-538-5081","97-856-0793",18
173,"Rheta","Cockell","rcockell4s@plala.or.jp","Rehabilitation medicine","628-830-1842","29-680-7369",15
172,"Cosette","Shackle","cshackle4r@disqus.com","Hematology","407-170-1792","67-571-8822",10
171,"Ashbey","Lowten","alowten4q@sbwire.com","Geriatrics","780-650-3730","74-996-6920",12
170,"Michal","Sango","msango4p@eepurl.com","Nephrology","858-617-1603","22-840-3561",1
169,"Nonie","Battram","nbattram4o@woothemes.com","Pulmonology","124-977-6178","57-472-0342",13
168,"Jammal","Lovering","jlovering4n@harvard.edu","Vascular surgery","475-590-9725","01-184-2505",7
167,"Kylie","Tumilty","ktumilty4m@phpbb.com","Orthopaedics","286-406-0171","47-238-8042",18
166,"Orlando","Swiffan","oswiffan4l@artisteer.com","Radiology","777-723-1786","82-397-0287",3
165,"Rosabella","Greatbatch","rgreatbatch4k@seattletimes.com","Hematology","241-798-3743","90-084-0602",4
164,"Paquito","Karppi","pkarppi4j@google.com.br","Clinical pharmacology","440-496-9327","69-278-7250",10
163,"Octavius","Maffioni","omaffioni4i@etsy.com","Surgery","449-877-7257","77-474-4024",5
162,"Anthia","Sawkin","asawkin4h@webs.com","Respiratory medicine","117-304-3839","18-839-0913",11
161,"Justino","Haddy","jhaddy4g@berkeley.edu","Respiratory medicine","312-169-7278","96-898-1239",6
160,"Albie","Careless","acareless4f@wix.com","Rehabilitation medicine","199-238-4888","40-198-8981",7
159,"Aurilia","Bolens","abolens4e@godaddy.com","Obstetrics and gynaecology","600-757-9501","57-693-8603",12
158,"Quintana","Huscroft","qhuscroft4d@illinois.edu","Rehabilitation medicine","757-707-4185","62-984-3667",7
157,"Vivi","Hoble","vhoble4c@nasa.gov","Endocrinology","638-485-0994","42-908-3608",16
156,"Rollo","Nourse","rnourse4b@forbes.com","Rheumatology","935-973-9479","18-374-8549",2
155,"Addie","Conew","aconew4a@mashable.com","Psychiatry","953-167-7068","17-094-2669",7
256,"Thaddus","Leon","tleon73@shutterfly.com","Geriatrics","852-204-1163","68-627-1030",9
254,"Cybill","Figg","cfigg71@purevolume.com","Orthopedics","252-744-5773","37-232-4332",11
253,"Wallache","Durrell","wdurrell70@devhub.com","Surgery","960-381-5345","82-817-8881",6
252,"Karlie","Daughtry","kdaughtry6z@marriott.com","Otolaryngology","318-845-8107","44-195-0616",15
251,"Marji","Eytel","meytel6y@examiner.com","Oncology","837-847-7018","23-373-6363",7
250,"Josefa","Mepham","jmepham6x@cpanel.net","Surgery","353-437-6127","12-416-3937",18
249,"Lorena","Davson","ldavson6w@spotify.com","Surgery","208-282-6738","07-597-5393",4
248,"Averell","Brunsden","abrunsden6v@ustream.tv","General practice","993-605-2797","23-149-1251",2
247,"Marissa","Gery","mgery6u@de.vu","Oncology","289-460-8532","38-036-5443",11
246,"Moe","Badini","mbadini6t@latimes.com","Obstetrics and gynaecology","802-795-1366","88-947-1663",10
245,"Luise","Shawyer","lshawyer6s@sbwire.com","Rehabilitation medicine","423-876-5242","85-421-5586",18
244,"Tiphany","Fontes","tfontes6r@phoca.cz","Orthopedics","341-946-9510","27-603-8580",15
243,"Quinn","Jovanovic","qjovanovic6q@geocities.jp","Allergology","276-727-7508","37-280-4468",9
242,"Ebony","Kerrane","ekerrane6p@i2i.jp","Pediatrics","458-478-1838","37-649-4948",5
241,"Filide","Wolfindale","fwolfindale6o@linkedin.com","Anaesthesiology","141-714-7832","14-288-8900",2
240,"Yolanthe","Soppit","ysoppit6n@amazon.de","Surgery","237-388-2719","36-907-8788",18
239,"Kim","Ashbolt","kashbolt6m@cpanel.net","Clinical pharmacology","532-461-7195","16-503-6772",11
238,"Tricia","Bellon","tbellon6l@nyu.edu","Vascular surgery","518-781-6553","79-309-9291",4
237,"Marni","Capsey","mcapsey6k@adobe.com","Surgery","399-560-9553","03-564-6522",5
236,"Jeana","Newlove","jnewlove6j@weibo.com","Urology","125-127-6369","93-862-9091",5
235,"Burgess","Stalman","bstalman6i@pagesperso-orange.fr","Ophthalmology","871-993-7410","25-448-3562",8
234,"Reiko","Vasilevich","rvasilevich6h@blogger.com","Oncology","520-305-4830","29-299-7532",16
233,"Sandy","Dilawey","sdilawey6g@newsvine.com","Surgery","935-388-6832","88-663-3045",17
232,"Torry","Blodget","tblodget6f@ted.com","Surgery","789-915-7749","07-334-0062",3
231,"Elvira","Biddlecombe","ebiddlecombe6e@gizmodo.com","Internal medicine","684-724-4869","31-266-4671",11
230,"Christabella","Otson","cotson6d@spotify.com","Orthopedics","173-354-3880","22-044-2275",3
229,"Karlens","Michie","kmichie6c@google.co.uk","Nephrology","853-961-8880","96-121-1914",10
228,"Frederic","Yearron","fyearron6b@harvard.edu","Otolaryngology","655-399-7044","71-207-7383",10
227,"Cassi","Kristof","ckristof6a@yahoo.co.jp","Neurology","514-512-0843","17-828-7657",16
226,"Allissa","Furlow","afurlow69@amazon.de","General practice","939-834-2678","82-712-6661",14
225,"Verine","Trussler","vtrussler68@google.com.br","Rehabilitation medicine","771-634-7647","35-440-9760",9
224,"Camilla","Stollenberg","cstollenberg67@princeton.edu","Internal medicine","178-541-6296","02-709-4971",14
223,"Cazzie","Hellens","chellens66@blog.com","Psychiatry","220-953-9794","30-633-0947",18
222,"Lem","Gosalvez","lgosalvez65@privacy.gov.au","Clinical pharmacology","348-296-6348","37-043-9548",8
221,"Salim","Guillet","sguillet64@ucsd.edu","Orthopedics","744-673-3117","14-171-8896",3
220,"Alexandr","Chidlow","achidlow63@studiopress.com","Urology","816-221-4290","83-997-0992",2
219,"Lane","Evangelinos","levangelinos62@bbb.org","Allergology","548-403-9705","01-388-4433",14
218,"Edwin","Dillingham","edillingham61@devhub.com","Hematology","436-438-8617","00-148-3294",16
217,"Bordy","Bourne","bbourne60@cocolog-nifty.com","Orthopaedics","821-246-0838","07-800-6081",8
216,"Kingsley","Baffin","kbaffin5z@1und1.de","Endocrinology","808-654-0898","67-467-7475",8
215,"Terrel","Kovalski","tkovalski5y@vimeo.com","Ophthalmology","146-759-2401","91-742-8465",14
214,"Dulcie","Howood","dhowood5x@sakura.ne.jp","Oncology","347-667-7272","31-059-0773",14
213,"Ortensia","Keepence","okeepence5w@wufoo.com","Surgery","687-352-8843","67-010-0570",12
212,"Gwenore","Jakov","gjakov5v@privacy.gov.au","Otolaryngology","234-822-3372","36-038-7727",14
211,"Lurline","Brammar","lbrammar5u@reuters.com","Psychiatry","334-309-8978","65-582-5239",4
210,"Hedvig","Trinke","htrinke5t@upenn.edu","Surgery","687-834-9478","73-827-8676",12
209,"Pamelina","Johannes","pjohannes5s@imdb.com","Rehabilitation medicine","592-128-1811","51-916-1504",3
208,"Dollie","Ruckhard","druckhard5r@whitehouse.gov","Surgery","551-240-6398","65-850-6744",15
207,"Dionis","Keirle","dkeirle5q@ehow.com","Surgery","688-176-4760","97-438-5976",4
206,"Jordan","Mancell","jmancell5p@domainmarket.com","Internal medicine","215-418-8620","67-249-4333",18
306,"Elton","Darridon","edarridon8h@usatoday.com","Pulmonology","668-219-4451","80-583-0657",12
305,"Holly","Volante","hvolante8g@imageshack.us","Nephrology","618-707-2895","24-777-8839",11
304,"Mag","Maplethorp","mmaplethorp8f@engadget.com","Obstetrics and gynaecology","410-647-1728","85-638-1350",18
303,"Alisa","Valdes","avaldes8e@techcrunch.com","Orthopaedics","857-820-1270","80-238-7508",15
302,"Anne","Gallaccio","agallaccio8d@nyu.edu","Clinical pharmacology","639-359-7441","40-075-5763",6
301,"Shermy","Binner","sbinner8c@uiuc.edu","Anaesthesiology","101-215-6803","04-064-2738",13
300,"Jodi","Wimbridge","jwimbridge8b@wsj.com","Vascular surgery","124-879-3968","80-271-3805",13
299,"Irwinn","Wandless","iwandless8a@163.com","Surgery","400-219-0127","28-199-2427",9
298,"Nikolos","Beddie","nbeddie89@tuttocitta.it","Neurology","706-930-3204","20-279-6502",14
297,"Riva","Stille","rstille88@yolasite.com","Surgery","238-663-0829","95-461-3820",2
296,"Deloria","Matyatin","dmatyatin87@wikispaces.com","Orthopedics","424-480-8363","41-985-7559",9
295,"Carola","Troth","ctroth86@ucoz.com","General practice","294-612-9924","18-983-8895",7
294,"Tisha","Pabst","tpabst85@msu.edu","Neurology","870-805-5176","62-254-2247",12
293,"Marchelle","Walby","mwalby84@amazon.co.jp","Orthopedics","103-759-0242","16-288-0582",6
292,"Claybourne","Aleksahkin","caleksahkin83@aboutads.info","Ophthalmology","347-286-3629","15-925-6523",15
291,"Brandie","Truckett","btruckett82@apache.org","Urology","875-858-5233","83-403-4946",8
290,"Pall","Bremen","pbremen81@tuttocitta.it","Orthopaedics","708-136-1103","30-459-5159",3
289,"Kingsley","Lenham","klenham80@businessweek.com","Surgery","880-257-5536","67-974-7292",17
288,"Dorice","Belfitt","dbelfitt7z@wiley.com","Urology","401-307-2496","28-194-1622",8
287,"Wilhelm","Askem","waskem7y@netvibes.com","Pediatrics","413-613-4181","10-585-7317",17
286,"Pacorro","Milliere","pmilliere7x@taobao.com","Gastroenterology","127-398-9729","54-480-6671",1
285,"Fabien","Markussen","fmarkussen7w@discuz.net","Urology","716-168-7154","64-774-7124",16
284,"Davie","Offield","doffield7v@youtu.be","Gastroenterology","220-964-2658","17-392-6642",11
283,"Tommy","Lillyman","tlillyman7u@gnu.org","Orthopedics","329-981-0192","50-722-8424",4
282,"Gayelord","Birden","gbirden7t@youtube.com","Respiratory medicine","798-424-9841","24-262-8292",3
281,"Myca","Caffin","mcaffin7s@hhs.gov","Endocrinology","961-174-5872","81-737-2297",15
280,"Tymon","Trowsdall","ttrowsdall7r@t-online.de","Clinical pharmacology","336-865-0680","30-567-0291",4
279,"Mayor","Ashwell","mashwell7q@theguardian.com","Neurology","971-123-8354","12-694-9091",3
278,"Blinni","Bocock","bbocock7p@bbc.co.uk","Obstetrics and gynaecology","194-750-5754","67-214-7489",14
277,"Chloris","Stathers","cstathers7o@imgur.com","General practice","737-134-2529","95-045-0406",5
276,"Angelika","Ault","aault7n@hubpages.com","Orthopedics","925-524-0010","40-497-0422",17
275,"Maxine","Carcas","mcarcas7m@ifeng.com","Anaesthesiology","700-861-2059","91-071-5329",1
274,"Hubert","Parks","hparks7l@hugedomains.com","Endocrinology","631-680-5944","44-585-4658",4
273,"Gilbertina","Seabridge","gseabridge7k@google.fr","Rheumatology","752-614-1639","60-322-5714",1
272,"Marvin","Diego","mdiego7j@altervista.org","Surgery","129-368-6859","31-432-3116",2
271,"Mikol","Westnage","mwestnage7i@hp.com","Geriatrics","967-699-0806","55-982-0724",4
270,"Jenn","Draycott","jdraycott7h@tmall.com","Geriatrics","685-107-8696","72-598-9316",15
269,"Phillida","Brightman","pbrightman7g@mtv.com","Rehabilitation medicine","840-928-3142","22-721-6311",5
268,"Tucker","Beig","tbeig7f@pen.io","Surgery","372-361-9803","57-566-9759",14
267,"Christan","Hulk","chulk7e@elpais.com","Orthopedics","976-717-0157","90-503-5958",9
266,"Elmira","Exeter","eexeter7d@miitbeian.gov.cn","Oncology","473-582-5165","27-179-5427",12
265,"Rachael","Quinane","rquinane7c@sbwire.com","Orthopedics","435-235-4979","30-267-3581",4
264,"Kerr","Belhomme","kbelhomme7b@symantec.com","Dermatology","363-803-2032","59-590-3191",1
263,"Christye","Plenderleith","cplenderleith7a@youtu.be","Orthopedics","179-161-8055","51-620-5416",18
262,"Lonnie","Patinkin","lpatinkin79@clickbank.net","Otolaryngology","537-791-5047","48-813-4098",2
261,"Amy","De Blasi","adeblasi78@themeforest.net","Orthopedics","134-475-2612","29-625-6915",7
260,"Carolus","Kay","ckay77@mysql.com","Rheumatology","302-871-0501","83-335-9881",2
259,"Constantino","Geddes","cgeddes76@angelfire.com","Cardiology","404-546-2637","96-403-2481",2
258,"Cecil","Crocombe","ccrocombe75@squidoo.com","Respiratory medicine","127-455-1380","34-259-3792",4
257,"Gillan","Polly","gpolly74@eepurl.com","Pediatrics","465-196-1329","01-567-6636",14
358,"Emile","Cano","ecano9x@virginia.edu","Allergology","959-484-0818","84-738-8666",16
357,"Calla","Alentyev","calentyev9w@npr.org","Neurology","554-288-0847","97-511-0437",4
356,"Valentin","Danniell","vdanniell9v@noaa.gov","Orthopaedics","859-355-2563","24-024-9484",16
355,"Tyne","Doggart","tdoggart9u@tinypic.com","Rheumatology","184-800-1720","44-658-7528",12
354,"Olivie","Ferrolli","oferrolli9t@technorati.com","Urology","282-419-3513","13-053-5693",5
353,"Delinda","Cowthart","dcowthart9s@odnoklassniki.ru","General practice","363-823-7962","02-691-9001",3
352,"Granville","Oager","goager9r@bloomberg.com","Surgery","208-681-1968","15-454-3244",17
351,"Haily","Giovanitti","hgiovanitti9q@msn.com","Oncology","335-710-0520","43-563-3751",4
350,"Gwenette","Gherardini","ggherardini9p@ovh.net","Surgery","152-761-1710","46-066-5599",8
349,"Johnna","Wenderott","jwenderott9o@who.int","Allergology","129-905-4369","80-724-2181",16
348,"Franky","Platt","fplatt9n@latimes.com","Dentistry","399-695-4949","97-857-7558",4
347,"Deeann","De Caroli","ddecaroli9m@phoca.cz","Otolaryngology","525-808-6177","03-296-3958",2
346,"Weider","Cowley","wcowley9l@shinystat.com","Neurology","829-489-9473","59-209-8484",17
345,"Shell","Claige","sclaige9k@si.edu","Nephrology","414-224-8861","30-415-7287",18
344,"Richart","Gatehouse","rgatehouse9j@wired.com","Orthopedics","362-877-3336","59-417-1806",11
343,"Farlie","Leopard","fleopard9i@engadget.com","Allergology","275-851-1534","37-024-9648",6
342,"Stinky","Guppie","sguppie9h@mit.edu","Oncology","900-244-2753","30-738-7055",2
341,"Aili","Cheasman","acheasman9g@opera.com","Radiology","592-567-0718","52-113-0360",1
340,"Karmen","McAnalley","kmcanalley9f@cnbc.com","Cardiology","324-537-6721","63-059-5802",9
339,"Ronald","Muehle","rmuehle9e@bbb.org","Hematology","627-584-8938","82-525-2930",17
338,"Dewitt","Gawthrop","dgawthrop9d@mail.ru","Oncology","982-572-9640","92-484-7473",14
337,"Kaiser","Grinov","kgrinov9c@qq.com","Infectious diseases","466-833-8518","20-783-2760",2
336,"Saundra","Scrivner","sscrivner9b@flavors.me","Rehabilitation medicine","778-828-7663","60-013-6744",11
335,"Marlena","Burchett","mburchett9a@w3.org","Dermatology","677-276-5316","38-926-9409",4
334,"Hobart","Durrett","hdurrett99@goo.ne.jp","Obstetrics and gynaecology","105-988-3922","08-976-4918",8
333,"Simone","Biasetti","sbiasetti98@cloudflare.com","Ophthalmology","141-814-8614","70-349-9811",10
332,"Millie","Vanichkov","mvanichkov97@trellian.com","Surgery","284-404-3017","23-870-4870",12
331,"Filmer","Rosina","frosina96@hc360.com","Infectious diseases","292-169-6698","08-466-3455",6
330,"Karilynn","Reedy","kreedy95@ow.ly","Rheumatology","530-172-5673","53-133-1208",11
329,"Gustave","Methringham","gmethringham94@flavors.me","Clinical pharmacology","320-863-8663","69-663-2140",7
328,"Elizabet","Yashanov","eyashanov93@cnn.com","Ophthalmology","523-535-0639","59-738-9869",9
327,"Letizia","Bromhead","lbromhead92@mail.ru","Gastroenterology","281-246-1065","03-947-0245",13
326,"Kenny","Hackwell","khackwell91@odnoklassniki.ru","Urology","416-909-4087","65-389-0237",16
325,"Oliviero","Corneil","ocorneil90@mozilla.com","Psychiatry","393-774-7400","31-233-7427",4
324,"Floyd","Lafranconi","flafranconi8z@loc.gov","Pulmonology","368-574-0482","31-132-6962",18
323,"Raine","O'Towey","rotowey8y@qq.com","Nephrology","216-385-8514","56-516-1336",9
322,"Renell","Handscombe","rhandscombe8x@4shared.com","Neurology","489-999-7693","90-383-1146",18
321,"Lawton","McCraine","lmccraine8w@cisco.com","Cardiology","274-327-5852","12-844-5200",14
320,"Pieter","Acreman","pacreman8v@ameblo.jp","Orthopaedics","765-746-6396","85-570-1530",2
319,"Egan","Crone","ecrone8u@biblegateway.com","Endocrinology","446-944-6778","91-785-7460",12
318,"Kelcey","Wane","kwane8t@zdnet.com","Surgery","556-599-7448","04-645-7232",8
317,"Cayla","Langhor","clanghor8s@weibo.com","Hematology","233-614-7828","04-930-8878",15
316,"Adelbert","Dyzart","adyzart8r@sphinn.com","Infectious diseases","556-246-6983","18-378-6446",17
315,"Rhiamon","Kondratowicz","rkondratowicz8q@jimdo.com","General practice","774-223-2107","82-517-1620",17
314,"Remington","Putten","rputten8p@eepurl.com","Internal medicine","925-974-6181","31-040-3952",16
313,"Cordy","McAvey","cmcavey8o@e-recht24.de","Surgery","240-956-8537","58-774-5069",1
312,"Shep","Rooksby","srooksby8n@fema.gov","Cardiology","477-974-5626","73-937-1984",15
311,"Perry","Rollings","prollings8m@about.me","Dermatology","758-729-3672","51-400-3537",5
310,"Robinett","Begwell","rbegwell8l@pcworld.com","Psychiatry","251-805-2131","57-331-7209",13
309,"Putnam","Daulton","pdaulton8k@nydailynews.com","Allergology","691-503-6362","21-901-9566",17
308,"Syman","Lyman","slyman8j@free.fr","Anaesthesiology","500-123-4872","33-076-0251",7
409,"Karrah","Fink","kfinkbc@spiegel.de","Urology","699-876-9802","61-684-1785",6
408,"Cecil","Crowcum","ccrowcumbb@slate.com","Oncology","101-770-5466","64-889-7873",6
407,"Dolf","Singleton","dsingletonba@posterous.com","Neurology","508-793-5960","11-777-8957",8
406,"Ervin","Syres","esyresb9@diigo.com","Oncology","292-826-1235","91-193-1698",11
405,"Catarina","Pavitt","cpavittb8@infoseek.co.jp","Nephrology","438-270-7214","43-783-4960",12
404,"Bryce","Frayling","bfraylingb7@reference.com","Psychiatry","361-445-2411","97-813-6679",4
403,"Jolie","Emtage","jemtageb6@japanpost.jp","Vascular surgery","363-868-8311","12-052-6990",16
402,"Aubry","Yurchishin","ayurchishinb5@jiathis.com","Surgery","549-659-0289","98-603-5079",13
401,"Ode","Dudlestone","odudlestoneb4@paginegialle.it","Dentistry","205-317-9737","50-974-8898",11
400,"Cameron","Oxenford","coxenfordb3@ovh.net","Internal medicine","385-587-8248","22-246-0052",10
399,"Katti","Culpen","kculpenb2@booking.com","Clinical pharmacology","761-851-2327","22-338-4231",4
398,"Angelico","Belsher","abelsherb1@exblog.jp","Urology","212-198-3752","67-397-6319",16
397,"Arlin","Grugerr","agrugerrb0@a8.net","Rheumatology","514-534-2014","31-580-2910",9
396,"Jere","Schwandermann","jschwandermannaz@gravatar.com","Geriatrics","723-552-5063","65-430-5063",8
395,"Florri","Daintry","fdaintryay@disqus.com","Orthopaedics","321-245-2928","94-109-1708",17
394,"Benyamin","Christescu","bchristescuax@bing.com","Oncology","921-155-6109","96-664-5136",14
393,"Marnie","Jindrak","mjindrakaw@woothemes.com","Endocrinology","297-106-7914","54-218-9873",7
392,"Josefa","Shatliffe","jshatliffeav@china.com.cn","Psychiatry","228-258-1302","20-663-7212",13
391,"Remus","Pullinger","rpullingerau@purevolume.com","Respiratory medicine","830-168-5900","73-459-1306",14
390,"Bennett","Kupisz","bkupiszat@va.gov","Obstetrics and gynaecology","265-855-2262","42-974-0376",16
389,"Donall","Filochov","dfilochovas@huffingtonpost.com","Surgery","264-814-1208","95-801-6992",6
388,"Laurianne","Fligg","lfliggar@typepad.com","Radiology","438-489-9934","57-329-0918",8
387,"Kassey","Rodgers","krodgersaq@parallels.com","Rehabilitation medicine","592-553-1388","62-880-7546",9
386,"Kimmi","Gouley","kgouleyap@gravatar.com","Rehabilitation medicine","101-395-2934","43-920-2864",16
385,"Geneva","Parlour","gparlourao@cpanel.net","Orthopaedics","180-460-8455","98-941-2195",13
384,"Katine","Viollet","kviolletan@twitpic.com","Surgery","256-665-7979","77-241-9497",10
383,"Lazar","Schruur","lschruuram@engadget.com","Vascular surgery","470-263-8391","71-021-5609",18
382,"Letty","Gerrish","lgerrishal@dyndns.org","Vascular surgery","868-386-9044","84-704-7191",12
381,"Avie","Halwood","ahalwoodak@google.de","Urology","302-344-9937","47-761-0495",6
380,"Adele","Gee","ageeaj@unesco.org","Ophthalmology","200-460-7475","99-421-6822",6
379,"Bartholomeus","Farndon","bfarndonai@utexas.edu","Respiratory medicine","648-406-7157","66-125-7504",9
378,"Judon","Casseldine","jcasseldineah@earthlink.net","Obstetrics and gynaecology","413-103-8423","87-641-0601",1
377,"Reider","Ferronier","rferronierag@flavors.me","Pulmonology","347-828-3310","75-657-1345",4
376,"Athena","Vanichkov","avanichkovaf@dailymotion.com","Otolaryngology","236-915-9775","22-100-6108",15
375,"Kellen","Hellmer","khellmerae@liveinternet.ru","Urology","864-866-2423","55-680-5693",10
374,"Alfredo","Siene","asienead@wiley.com","Rehabilitation medicine","334-770-0203","65-282-6158",18
373,"Trevor","Scrowby","tscrowbyac@nature.com","Surgery","354-656-2880","04-151-2965",12
372,"Caitlin","Flack","cflackab@dailymotion.com","Pediatrics","610-796-9324","70-161-2260",5
371,"Isabelle","Whiteley","iwhiteleyaa@wikia.com","Internal medicine","647-123-3616","79-543-8788",1
370,"Vaclav","Shevlin","vshevlina9@yandex.ru","Infectious diseases","766-550-5748","76-687-3596",8
369,"Mart","Bodycomb","mbodycomba8@noaa.gov","Rheumatology","724-107-3114","57-259-9060",3
368,"Celisse","Utridge","cutridgea7@apache.org","Otolaryngology","643-531-7891","11-316-8270",12
367,"Austina","Maplestone","amaplestonea6@vimeo.com","Surgery","578-613-0307","21-456-5329",8
366,"Jorrie","Kobus","jkobusa5@vkontakte.ru","Dentistry","337-868-2443","64-133-5537",18
365,"Lebbie","Kimbell","lkimbella4@slashdot.org","Nephrology","358-355-8621","23-820-0070",14
364,"Corene","Wale","cwalea3@paginegialle.it","Pediatrics","542-132-0058","86-700-6309",2
363,"Zara","Tidbold","ztidbolda2@examiner.com","Rheumatology","689-671-8007","27-224-7352",16
362,"Hedwig","Caccavari","hcaccavaria1@columbia.edu","Vascular surgery","514-286-1145","78-932-7299",11
361,"Tiphani","Binks","tbinksa0@jimdo.com","Clinical pharmacology","865-593-1636","60-520-6035",9
360,"Wallie","Gutman","wgutman9z@cargocollective.com","Endocrinology","885-623-8510","67-080-1437",14
460,"Frazer","todor","ftodorcr@twitpic.com","Surgery","949-195-3163","70-618-4765",11
459,"Parsifal","Pulley","ppulleycq@reverbnation.com","General practice","411-183-7622","25-431-4958",10
458,"Sayre","Baccas","sbaccascp@stumbleupon.com","Pulmonology","609-658-5205","97-801-7355",17
457,"Warden","Ellerman","wellermanco@bbb.org","Anaesthesiology","330-511-5574","23-364-0780",1
456,"Myrtle","Quarterman","mquartermancn@telegraph.co.uk","Respiratory medicine","752-903-0207","36-973-4338",3
455,"Lynda","Nial","lnialcm@merriam-webster.com","Pulmonology","547-112-3349","89-643-6511",6
454,"Cazzie","Grinham","cgrinhamcl@wikia.com","Obstetrics and gynaecology","241-387-3542","22-420-5309",5
453,"Kerry","Dove","kdoveck@wufoo.com","Ophthalmology","905-145-3256","54-832-8375",7
452,"Marillin","Cursons","mcursonscj@nymag.com","Orthopedics","259-957-1047","15-605-2488",3
451,"Jerry","Bartoli","jbartolici@telegraph.co.uk","Rheumatology","479-232-6439","11-636-8906",12
450,"Minnaminnie","Sarvar","msarvarch@uiuc.edu","Radiology","456-627-2874","41-371-9625",3
449,"Berty","Derisly","bderislycg@pagesperso-orange.fr","Infectious diseases","573-376-5671","55-003-2593",10
448,"Minnnie","Noke","mnokecf@bloomberg.com","Geriatrics","242-460-7231","43-918-4981",18
447,"Albie","McGinnell","amcginnellce@flavors.me","Geriatrics","118-557-4251","63-283-7870",9
446,"Augie","Callf","acallfcd@nyu.edu","Dentistry","277-192-6645","27-150-8950",6
445,"Clair","Walch","cwalchcc@vistaprint.com","Endocrinology","615-233-1021","58-106-9865",14
444,"Fernanda","Huebner","fhuebnercb@cbsnews.com","Obstetrics and gynaecology","172-905-6580","23-774-3815",7
443,"Yvon","Gomby","ygombyca@whitehouse.gov","Psychiatry","248-588-4528","13-457-6485",2
442,"Enos","Bossons","ebossonsc9@go.com","Anaesthesiology","467-808-3551","10-778-9102",12
441,"Delores","Jertz","djertzc8@tuttocitta.it","Infectious diseases","561-114-1638","95-005-5319",17
440,"Thedrick","Saph","tsaphc7@wikispaces.com","Geriatrics","104-695-1439","75-444-4827",2
439,"Aprilette","Critten","acrittenc6@miitbeian.gov.cn","Cardiology","587-238-2652","97-916-7021",11
438,"Hillyer","Charnley","hcharnleyc5@cbslocal.com","Psychiatry","374-107-0001","01-343-2679",3
437,"Berkley","Faustin","bfaustinc4@rakuten.co.jp","Dermatology","661-206-0729","71-210-7502",4
436,"Frasco","Scading","fscadingc3@spiegel.de","Infectious diseases","569-626-4039","42-845-5172",17
435,"Laraine","Sivell","lsivellc2@cdc.gov","Rheumatology","347-963-3531","92-955-5467",5
434,"Layne","Santo","lsantoc1@discuz.net","Orthopaedics","706-720-0922","38-326-4285",15
433,"Leon","Simmen","lsimmenc0@newsvine.com","Allergology","354-183-1827","29-728-0993",11
432,"Velvet","Raybould","vraybouldbz@yellowbook.com","Nephrology","999-201-3872","10-276-2918",18
431,"Adoree","Patnelli","apatnelliby@tinypic.com","Rehabilitation medicine","968-875-8895","46-384-7916",7
430,"Luci","Hellwing","lhellwingbx@cloudflare.com","Oncology","445-450-3231","75-413-5628",18
429,"Euell","Tallon","etallonbw@studiopress.com","Otolaryngology","507-572-7573","09-650-1794",9
428,"Tersina","Yarnell","tyarnellbv@dailymail.co.uk","Respiratory medicine","619-520-1615","25-097-1859",5
427,"Tadd","De Blasio","tdeblasiobu@dropbox.com","General practice","246-367-7139","28-966-5294",10
426,"Thacher","Camacho","tcamachobt@deviantart.com","Pediatrics","620-669-0284","80-576-0026",2
425,"Ilsa","Besse","ibessebs@tripod.com","Otolaryngology","438-293-1403","96-185-8148",5
424,"Eolande","Crilley","ecrilleybr@msn.com","Geriatrics","397-377-1264","64-826-8973",5
423,"Selene","Verlinde","sverlindebq@about.com","Cardiology","960-139-4931","26-152-5037",7
422,"Mariquilla","Berick","mberickbp@pagesperso-orange.fr","Endocrinology","878-595-2140","87-860-4417",6
421,"Lolita","Dufton","lduftonbo@kickstarter.com","Surgery","151-742-4755","82-697-1367",11
420,"Milena","Saturley","msaturleybn@shutterfly.com","Pediatrics","390-595-5391","23-338-9891",3
419,"Kristen","McCully","kmccullybm@livejournal.com","Vascular surgery","546-246-9563","03-747-2473",3
418,"Mureil","Shurrocks","mshurrocksbl@slashdot.org","Anaesthesiology","982-720-5259","29-711-5220",18
417,"Rhonda","Haddrill","rhaddrillbk@sbwire.com","Respiratory medicine","509-210-2221","20-622-9407",15
416,"Peirce","Gallemore","pgallemorebj@soundcloud.com","Ophthalmology","205-673-1163","99-544-2364",13
415,"Page","Wisniewski","pwisniewskibi@yolasite.com","Respiratory medicine","938-568-8955","83-900-2339",14
414,"Eadith","Hastin","ehastinbh@dropbox.com","Clinical pharmacology","644-428-2878","00-606-7028",15
413,"Farr","Trassler","ftrasslerbg@mozilla.com","Endocrinology","484-214-3926","58-347-7441",10
412,"Aubry","Eddington","aeddingtonbf@ibm.com","Otolaryngology","172-481-2647","78-921-8579",16
411,"Vite","Filintsev","vfilintsevbe@google.pl","Surgery","592-679-7067","42-547-0565",1
511,"Patrice","Gobourn","pgobourne6@howstuffworks.com","Orthopaedics","869-756-0217","55-379-4471",8
510,"Issiah","Mercik","imercike5@printfriendly.com","Infectious diseases","215-610-3386","79-175-2684",1
509,"Marion","Lusher","mlushere4@berkeley.edu","Otolaryngology","532-145-5359","09-765-7071",17
508,"Letty","Cruickshanks","lcruickshankse3@hp.com","General practice","469-120-2245","02-685-1427",11
507,"Alyse","Osgodby","aosgodbye2@1und1.de","Anaesthesiology","450-521-0270","68-399-7973",2
506,"Devi","Melross","dmelrosse1@sourceforge.net","Dentistry","206-841-7297","04-574-3991",15
505,"Susie","Keppin","skeppine0@symantec.com","Pulmonology","163-384-6400","53-377-5386",15
504,"Brigham","Keneford","bkeneforddz@ihg.com","Internal medicine","710-196-2073","18-696-3796",10
503,"Robena","Lamblot","rlamblotdy@opera.com","Dentistry","229-681-4253","22-173-6882",10
502,"Adella","Pendlenton","apendlentondx@t-online.de","Surgery","750-823-8404","94-441-8862",4
501,"Nerte","Jellyman","njellymandw@apache.org","Allergology","113-140-7967","41-345-9810",14
500,"Margo","Mellmer","mmellmerdv@google.fr","Internal medicine","910-739-2443","86-737-6616",10
499,"Tawsha","Permain","tpermaindu@mail.ru","Orthopedics","233-988-4800","36-686-5818",18
498,"Evy","Sloey","esloeydt@unicef.org","Neurology","451-969-6275","59-561-3461",3
497,"Annissa","Garrit","agarritds@narod.ru","Gastroenterology","343-189-4448","84-258-1809",16
496,"Laure","Kite","lkitedr@github.com","Ophthalmology","784-892-7641","47-888-7506",18
495,"Hyman","Dimeloe","hdimeloedq@msu.edu","Oncology","941-523-3401","70-648-1910",1
494,"Rutledge","Melarkey","rmelarkeydp@vistaprint.com","General practice","886-155-1211","34-892-0799",3
493,"Vonni","Saffe","vsaffedo@macromedia.com","Orthopedics","197-458-9769","46-557-6065",10
492,"Kimbell","Jansen","kjansendn@tumblr.com","Allergology","787-625-8357","12-574-5667",16
491,"Kalie","Williscroft","kwilliscroftdm@europa.eu","Gastroenterology","749-552-8308","07-744-5717",13
490,"Aura","Sember","asemberdl@paypal.com","Surgery","422-434-0251","83-721-2660",11
489,"Brandea","Leitch","bleitchdk@senate.gov","Geriatrics","741-397-4408","71-164-5998",15
488,"Elsy","Puddin","epuddindj@addtoany.com","Allergology","616-180-9319","50-994-6775",1
487,"Orazio","Drissell","odrisselldi@prlog.org","Hematology","828-505-0574","23-995-7969",10
486,"Gaby","Maffy","gmaffydh@imageshack.us","Surgery","656-814-7711","25-944-8945",2
485,"Clemence","Seekings","cseekingsdg@behance.net","Endocrinology","649-587-4123","72-810-3470",8
484,"Chelsea","Gibbonson","cgibbonsondf@msu.edu","Obstetrics and gynaecology","233-796-6820","72-549-1108",4
483,"Chryste","Turney","cturneyde@free.fr","Nephrology","864-396-8494","33-434-5306",6
482,"Pepito","Nornable","pnornabledd@sun.com","Obstetrics and gynaecology","552-877-0220","77-590-2008",15
481,"Lana","Seatter","lseatterdc@twitter.com","Anaesthesiology","253-152-1544","00-524-2158",9
480,"Rodrigo","Pala","rpaladb@theguardian.com","General practice","373-855-8944","53-701-2227",3
479,"Yorker","MacBain","ymacbainda@businessinsider.com","Surgery","889-420-3918","47-092-5862",14
478,"Bernadette","Tomes","btomesd9@instagram.com","Rehabilitation medicine","174-817-5074","49-679-4842",3
477,"Hersh","Cowlam","hcowlamd8@marketwatch.com","Gastroenterology","194-207-0340","23-580-2348",9
476,"Pierre","Barday","pbardayd7@abc.net.au","Surgery","131-405-8705","47-842-0933",15
475,"Philbert","Nudde","pnudded6@dailymail.co.uk","Dermatology","762-625-9981","99-069-1945",3
474,"Sheelah","Margach","smargachd5@home.pl","Geriatrics","961-974-8814","70-217-2949",12
473,"Harmon","Alsina","halsinad4@opera.com","Pediatrics","496-613-8687","75-774-4572",10
472,"Celesta","Clabburn","cclabburnd3@microsoft.com","Urology","399-228-7668","00-021-0978",17
471,"Spense","Alfonso","salfonsod2@symantec.com","Endocrinology","988-652-9468","73-513-4525",9
470,"Lindsy","Grishukhin","lgrishukhind1@over-blog.com","Psychiatry","538-806-5894","51-660-2897",8
469,"Haywood","Nevins","hnevinsd0@google.es","Dentistry","786-825-4061","72-652-6747",14
468,"Lona","Hagland","lhaglandcz@cam.ac.uk","Cardiology","796-899-7379","42-579-5347",18
467,"Rodolfo","Spenclay","rspenclaycy@bandcamp.com","Dentistry","204-474-4521","62-204-6546",2
466,"Jamie","Gricewood","jgricewoodcx@google.com.hk","Hematology","153-282-1617","65-737-2656",3
465,"Ardisj","Gaythor","agaythorcw@mediafire.com","Surgery","802-106-9500","62-889-1685",17
464,"Morgana","Dahmel","mdahmelcv@homestead.com","Otolaryngology","342-691-1798","11-364-2759",10
463,"Anatol","Mack","amackcu@cnbc.com","Surgery","964-255-1347","03-440-0780",12
462,"Clifford","Pepye","cpepyect@gov.uk","Allergology","639-964-1677","47-096-0695",17
562,"Laurent","Chaplyn","lchaplynfl@goo.gl","Hematology","467-410-6305","56-138-9886",3
561,"Moyra","Peace","mpeacefk@livejournal.com","Oncology","885-986-6064","31-795-2995",12
560,"Jandy","Couser","jcouserfj@reference.com","Clinical pharmacology","196-335-7347","51-841-3183",11
559,"Karel","Heak","kheakfi@godaddy.com","Orthopaedics","544-426-7954","29-778-8330",18
558,"Susann","Alejandri","salejandrifh@un.org","Otolaryngology","423-593-2009","72-338-4740",4
557,"Lilli","Redon","lredonfg@omniture.com","Pulmonology","990-290-8249","21-018-9653",13
556,"Prince","Luckman","pluckmanff@lycos.com","Nephrology","601-785-0792","29-939-9596",14
555,"Risa","Espadas","respadasfe@cafepress.com","Allergology","404-186-4139","43-651-5403",15
554,"Andria","Earsman","aearsmanfd@fotki.com","Geriatrics","874-906-9335","12-980-0010",5
553,"Karole","De La Salle","kdelasallefc@bloomberg.com","Rheumatology","812-826-8712","81-035-8051",10
552,"Tessie","Alyukin","talyukinfb@seattletimes.com","Pulmonology","861-486-7728","00-207-3723",8
551,"Brandise","Craw","bcrawfa@microsoft.com","Radiology","516-969-4623","45-127-5805",15
550,"Waverly","Treanor","wtreanorf9@mozilla.org","Psychiatry","679-328-0134","26-062-9498",10
549,"Arch","Leckenby","aleckenbyf8@printfriendly.com","Infectious diseases","818-609-1969","47-899-8611",12
548,"Ella","Derby","ederbyf7@cnet.com","Cardiology","807-313-5522","80-767-9601",10
547,"Esra","Doward","edowardf6@digg.com","Internal medicine","887-314-0920","14-074-0645",11
546,"Katuscha","Cargenven","kcargenvenf5@istockphoto.com","Geriatrics","164-706-8069","21-672-0894",11
545,"Rafaela","Renol","rrenolf4@marketwatch.com","Dentistry","945-973-0923","41-735-7080",4
544,"Lorilee","Barcroft","lbarcroftf3@apple.com","Ophthalmology","938-134-3492","99-594-7133",12
543,"Meta","Rodbourne","mrodbournef2@nbcnews.com","Respiratory medicine","522-962-8050","53-745-5443",18
542,"Lorianne","Duckering","lduckeringf1@alexa.com","Ophthalmology","355-703-4459","63-771-6807",8
541,"Yovonnda","Deverille","ydeverillef0@fc2.com","Orthopedics","131-844-9180","67-534-8347",11
540,"Amabel","Lowndesbrough","alowndesbroughez@unesco.org","Rheumatology","936-938-8153","35-635-0122",3
539,"Oneida","Creebo","ocreeboey@webnode.com","Rehabilitation medicine","500-627-9112","92-794-0515",18
538,"Ashely","Shildrick","ashildrickex@about.me","Urology","187-273-9373","59-975-7721",10
537,"Griffy","Attenburrow","gattenburrowew@google.ca","Oncology","430-460-1966","78-804-7488",9
536,"Philippe","Gotmann","pgotmannev@cornell.edu","Vascular surgery","546-933-2505","83-243-1708",13
535,"Yuri","Satterthwaite","ysatterthwaiteeu@discuz.net","Oncology","819-948-8050","55-028-8841",5
534,"Rene","O'Heffernan","roheffernanet@sbwire.com","Orthopedics","889-640-2074","79-747-1679",2
533,"Boone","Realff","brealffes@epa.gov","Dermatology","319-679-5107","97-066-3022",1
532,"Selma","Whatham","swhathamer@infoseek.co.jp","Respiratory medicine","208-158-3063","49-710-7776",10
531,"Claudelle","Harnott","charnotteq@howstuffworks.com","Internal medicine","328-233-4526","75-600-6517",1
530,"Ham","Pranger","hprangerep@hexun.com","Orthopaedics","110-854-3217","70-510-0830",3
529,"Theresa","Casper","tcaspereo@ezinearticles.com","Cardiology","509-171-1982","62-006-2871",4
528,"Cozmo","Bennett","cbennetten@indiatimes.com","Surgery","584-441-4684","56-776-5841",10
527,"Edyth","Ugoni","eugoniem@yahoo.co.jp","Ophthalmology","175-111-6961","40-673-6589",12
526,"Donelle","Isaacs","disaacsel@github.com","Pediatrics","477-253-5328","94-754-0873",6
525,"Brana","Densell","bdensellek@amazon.de","Pulmonology","851-661-6441","07-083-0237",16
524,"Lenette","Hatcher","lhatcherej@wisc.edu","Oncology","790-448-4024","15-087-2026",2
523,"Moll","Mount","mmountei@shop-pro.jp","Vascular surgery","606-262-7416","02-772-7918",10
522,"Peg","Arminger","parmingereh@miitbeian.gov.cn","Radiology","435-429-0982","28-811-9556",8
521,"Perry","Nials","pnialseg@state.tx.us","Endocrinology","914-923-5980","88-016-8168",18
520,"Caz","Whellans","cwhellansef@google.co.uk","Clinical pharmacology","602-838-2884","30-545-1911",13
519,"Tilda","Kryska","tkryskaee@4shared.com","Surgery","935-715-7656","53-821-5827",10
518,"Justus","Pulford","jpulforded@boston.com","Oncology","479-971-9659","88-972-9821",14
517,"Lonni","Batha","lbathaec@addtoany.com","Allergology","469-641-5667","35-939-6144",13
516,"Laney","Farmery","lfarmeryeb@google.fr","Orthopedics","984-777-6313","21-905-3533",6
515,"Cullan","Onions","conionsea@xing.com","Respiratory medicine","224-555-5472","09-292-4601",1
514,"Barbara-anne","Borrott","bborrotte9@prlog.org","Gastroenterology","532-577-4840","86-967-1513",9
513,"Mylo","Solomon","msolomone8@canalblog.com","Surgery","498-121-3878","56-958-2605",9
613,"Dona","Hazelton","dhazeltonh0@slate.com","Pulmonology","347-688-7308","42-844-8973",15
612,"Pooh","Alred","palredgz@oakley.com","Gastroenterology","378-505-8712","48-609-3576",3
611,"Bard","Mapplebeck","bmapplebeckgy@geocities.jp","Otolaryngology","148-777-2962","50-715-4151",18
610,"Bond","Rumsey","brumseygx@google.co.uk","General practice","304-188-6754","98-292-1055",11
609,"Brooke","Broe","bbroegw@technorati.com","Cardiology","131-569-9891","23-082-6220",9
608,"Jocelin","Driuzzi","jdriuzzigv@dailymotion.com","Radiology","432-815-3210","90-646-2282",17
607,"Gerhardine","Webster","gwebstergu@amazonaws.com","Urology","896-518-4485","00-004-5454",12
606,"Flemming","Southward","fsouthwardgt@wordpress.org","Radiology","793-668-9904","26-869-0452",5
605,"Meara","Krystek","mkrystekgs@simplemachines.org","Endocrinology","747-268-7576","76-441-6672",2
604,"Vanessa","Grioli","vgrioligr@umn.edu","Vascular surgery","798-534-3296","62-321-7631",6
603,"Spenser","Mahmood","smahmoodgq@joomla.org","Urology","830-230-0924","54-394-5917",1
602,"Cody","Hurdidge","churdidgegp@independent.co.uk","Urology","791-110-9450","29-841-9895",13
601,"Sibley","Stowte","sstowtego@dell.com","Cardiology","951-163-1388","51-989-6126",16
600,"Zonda","Dyde","zdydegn@intel.com","Obstetrics and gynaecology","602-752-0353","97-526-9476",1
599,"Darcee","Ryan","dryangm@ow.ly","Geriatrics","377-867-6771","10-665-0999",7
598,"Joya","Proppers","jproppersgl@nifty.com","Allergology","178-540-6769","04-328-0504",18
597,"Max","Kerkham","mkerkhamgk@xinhuanet.com","Orthopaedics","491-381-4913","83-551-3543",6
596,"Winifield","Coit","wcoitgj@opera.com","Gastroenterology","175-598-6042","08-819-1188",9
595,"Trumann","Isack","tisackgi@columbia.edu","Vascular surgery","989-105-3491","77-766-9904",1
594,"Irwin","Caudrelier","icaudreliergh@people.com.cn","Urology","637-262-8296","39-586-6737",15
593,"Ferrel","Wintour","fwintourgg@wired.com","Nephrology","425-609-3120","48-923-7205",15
592,"Michaela","Till","mtillgf@google.es","Pediatrics","728-389-8659","22-860-1510",12
591,"Asia","Lapere","alaperege@aboutads.info","Rehabilitation medicine","686-503-2065","03-492-0074",4
590,"Goldarina","Tiuit","gtiuitgd@merriam-webster.com","Ophthalmology","984-115-7502","54-750-0002",3
589,"Rinaldo","Wisbey","rwisbeygc@unicef.org","Oncology","878-402-3308","02-532-4699",11
588,"Dawn","Gennrich","dgennrichgb@themeforest.net","Orthopaedics","173-291-3191","75-810-0205",3
587,"Earle","Bunton","ebuntonga@list-manage.com","Obstetrics and gynaecology","703-309-0470","30-926-9229",1
586,"Filberte","Tungay","ftungayg9@ustream.tv","Dentistry","685-802-1745","34-258-8200",17
585,"Hermia","Izac","hizacg8@theguardian.com","Orthopedics","627-582-4534","01-035-3833",7
584,"Wallis","Ludwig","wludwigg7@blogtalkradio.com","Surgery","639-215-0693","95-448-1757",7
583,"Barny","O'Shesnan","boshesnang6@blogger.com","Otolaryngology","160-528-6028","94-924-4396",3
582,"Patrizio","Winthrop","pwinthropg5@taobao.com","Orthopedics","542-373-4271","30-214-9617",11
581,"Malia","Lippett","mlippettg4@ycombinator.com","Rehabilitation medicine","836-108-5029","46-499-8904",18
580,"Breena","Lates","blatesg3@omniture.com","Oncology","208-841-8576","58-815-2010",11
579,"Wright","Gheorghe","wgheorgheg2@whitehouse.gov","Gastroenterology","778-564-8555","48-615-8776",17
578,"Camila","Weedenburg","cweedenburgg1@senate.gov","Surgery","976-160-1728","79-255-5317",9
577,"Mabelle","Sheryne","msheryneg0@fda.gov","General practice","521-722-2058","57-830-0668",4
576,"Tanya","Fluck","tfluckfz@prnewswire.com","Neurology","150-598-5428","30-399-6793",9
575,"Darill","Del Dello","ddeldellofy@behance.net","Anaesthesiology","892-287-8675","13-091-4829",2
574,"Tracie","Moses","tmosesfx@samsung.com","Nephrology","351-105-9583","55-693-7613",6
573,"Dody","De Minico","ddeminicofw@arstechnica.com","Rheumatology","530-378-6514","09-743-8632",16
572,"Lethia","Dimelow","ldimelowfv@tripod.com","Endocrinology","934-190-8064","92-968-2425",10
571,"Leonardo","Eldrid","leldridfu@forbes.com","Neurology","699-132-8745","60-558-1003",17
570,"Alfie","Harvard","aharvardft@apache.org","Dentistry","386-266-6556","62-990-5558",16
569,"Levon","MacRury","lmacruryfs@tmall.com","Internal medicine","483-848-7869","55-325-7370",7
568,"Merl","Dziwisz","mdziwiszfr@cnn.com","Urology","231-805-2402","40-113-5835",14
567,"Hermon","Cudihy","hcudihyfq@psu.edu","Surgery","243-490-1592","96-034-0616",2
566,"Randolph","Mattis","rmattisfp@blogtalkradio.com","Clinical pharmacology","822-560-1018","93-780-6454",8
565,"Elsey","Fourman","efourmanfo@yandex.ru","Surgery","180-964-8245","45-420-7446",16
564,"Alejoa","Bridgens","abridgensfn@bravesites.com","Vascular surgery","339-981-4086","90-973-1043",16
664,"Jonis","Sollowaye","jsollowayeif@4shared.com","Geriatrics","847-818-2752","24-652-3908",12
663,"Carma","Pearsall","cpearsallie@gov.uk","Urology","138-463-4513","79-744-3549",16
662,"Emogene","Gulvin","egulvinid@newyorker.com","Nephrology","303-416-7070","02-264-2584",11
661,"Yoko","Bittlestone","ybittlestoneic@ca.gov","Geriatrics","628-558-3718","80-965-6958",13
660,"Korrie","Elphinston","kelphinstonib@newsvine.com","Hematology","179-533-2364","92-836-0706",5
659,"Elnore","McMurthy","emcmurthyia@tinyurl.com","Radiology","175-598-2026","70-210-3151",14
658,"Emmanuel","Jaqueme","ejaquemei9@meetup.com","Allergology","549-423-9976","75-802-0748",13
657,"Tamas","Dobbins","tdobbinsi8@qq.com","Otolaryngology","398-683-3113","86-923-4953",2
656,"Vonni","Collymore","vcollymorei7@e-recht24.de","Infectious diseases","545-505-9649","44-972-5361",9
655,"Melisse","Bernucci","mbernuccii6@comsenz.com","Infectious diseases","331-234-7063","79-496-6146",9
654,"Issiah","Cudd","icuddi5@sourceforge.net","Nephrology","550-575-5753","83-922-6920",2
653,"Giacomo","Whyberd","gwhyberdi4@shinystat.com","Obstetrics and gynaecology","188-726-9146","99-653-5853",5
652,"Ilario","Showte","ishowtei3@imdb.com","Oncology","501-313-3516","61-297-9448",3
651,"Renaud","Lorence","rlorencei2@state.gov","Urology","429-961-3200","19-531-4383",6
650,"Harcourt","Jillions","hjillionsi1@typepad.com","Obstetrics and gynaecology","422-521-5027","74-373-2117",14
649,"Shermie","Undrill","sundrilli0@naver.com","Geriatrics","855-212-0316","95-862-0402",5
648,"Lianna","Langtree","llangtreehz@paypal.com","Infectious diseases","728-479-3339","59-535-3109",1
647,"Maddie","Gumby","mgumbyhy@ezinearticles.com","Orthopedics","816-883-5398","49-041-7248",3
646,"Lief","Been","lbeenhx@jalbum.net","Respiratory medicine","570-973-0087","33-916-1022",1
645,"Jozef","Muehle","jmuehlehw@printfriendly.com","Respiratory medicine","475-924-2439","62-055-0897",9
644,"Cheslie","Burnall","cburnallhv@purevolume.com","Internal medicine","623-431-0561","99-738-1816",8
643,"Alvy","Westhoff","awesthoffhu@newyorker.com","Orthopedics","139-270-6458","51-103-8808",8
642,"Gill","Vargas","gvargasht@dell.com","Geriatrics","499-119-2141","14-204-4543",13
641,"Joellyn","Philbrick","jphilbrickhs@ihg.com","Internal medicine","669-397-5493","56-092-6880",4
640,"Syd","Heck","sheckhr@businessinsider.com","Obstetrics and gynaecology","898-611-3288","32-632-8889",12
639,"Jeremie","Gladding","jgladdinghq@webmd.com","Ophthalmology","853-135-7709","27-371-1950",15
638,"Meredithe","Tumayan","mtumayanhp@qq.com","Hematology","431-306-6632","26-019-3339",1
637,"Thorvald","Underdown","tunderdownho@icq.com","Obstetrics and gynaecology","364-531-2974","59-865-1039",11
636,"Gwendolen","Huntriss","ghuntrisshn@scribd.com","Orthopedics","602-323-3726","32-171-8370",12
635,"Neron","Dowdeswell","ndowdeswellhm@free.fr","Otolaryngology","680-450-9393","18-533-1167",11
634,"Zea","Kalvin","zkalvinhl@simplemachines.org","Gastroenterology","292-330-7165","79-077-7300",15
633,"Caril","Lindenbaum","clindenbaumhk@gravatar.com","Nephrology","213-519-2772","98-913-3722",6
632,"Justis","Lindstedt","jlindstedthj@moonfruit.com","Surgery","589-332-2512","47-883-0419",6
631,"Dominick","Doughty","ddoughtyhi@dailymotion.com","Dermatology","481-901-5392","07-024-0911",8
630,"Anabel","Churms","achurmshh@shop-pro.jp","Pulmonology","654-721-9668","84-323-8848",12
629,"Helge","Lipman","hlipmanhg@wsj.com","Obstetrics and gynaecology","286-167-7841","82-405-3550",15
628,"Theodoric","Haston","thastonhf@irs.gov","Dermatology","322-593-9699","13-523-6497",14
627,"Leicester","Dacca","ldaccahe@utexas.edu","Neurology","935-228-8210","02-854-5689",10
626,"Hillery","Noton","hnotonhd@netlog.com","Respiratory medicine","365-672-4098","54-002-4445",12
625,"Harriett","Ketteringham","hketteringhamhc@simplemachines.org","Endocrinology","245-596-2442","49-276-7744",9
624,"Yasmin","Biskupiak","ybiskupiakhb@yale.edu","General practice","393-496-9940","94-639-0320",9
623,"Briant","Chupin","bchupinha@alexa.com","Neurology","402-272-3693","43-776-8065",4
622,"Pebrook","Northidge","pnorthidgeh9@wikispaces.com","Oncology","601-325-2679","18-267-4667",9
621,"Samson","Winridge","swinridgeh8@spiegel.de","Pulmonology","498-193-1048","07-143-4434",7
620,"Laird","Sowman","lsowmanh7@tuttocitta.it","Geriatrics","808-754-2226","92-928-4931",11
619,"Lou","Chisnell","lchisnellh6@hostgator.com","Allergology","572-664-4513","11-722-4388",18
618,"Bren","Tyndall","btyndallh5@dion.ne.jp","Dermatology","257-586-7248","04-960-1753",9
617,"Noel","Dumphries","ndumphriesh4@techcrunch.com","Surgery","892-628-3699","58-812-4689",17
616,"Andre","Brychan","abrychanh3@fotki.com","General practice","722-343-2861","86-924-5050",16
615,"Peg","Casassa","pcasassah2@wikia.com","Otolaryngology","100-772-1796","08-970-3694",9
716,"Marijo","Haslen","mhaslenjv@paginegialle.it","Infectious diseases","217-669-2587","53-615-4128",5
715,"Lira","Dickins","ldickinsju@java.com","Nephrology","471-913-8237","51-885-2140",18
714,"Parnell","Croshaw","pcroshawjt@wp.com","Pulmonology","583-146-6285","71-170-2331",16
713,"Hinda","Jukes","hjukesjs@amazon.de","General practice","398-269-4216","62-811-4164",14
712,"Teresa","Greene","tgreenejr@ft.com","Cardiology","624-240-5907","16-516-6789",1
711,"Rafaellle","Riddles","rriddlesjq@ebay.com","Surgery","833-472-1636","05-945-4634",12
710,"Junia","Pinnock","jpinnockjp@indiatimes.com","Rheumatology","245-357-1054","52-387-1054",17
709,"Niki","Glazebrook","nglazebrookjo@g.co","Geriatrics","371-880-6164","53-714-0777",10
708,"Rahel","Derill","rderilljn@dell.com","Obstetrics and gynaecology","721-204-8882","89-173-4571",16
707,"Hall","Gwioneth","hgwionethjm@si.edu","Rheumatology","891-234-8575","30-006-0903",8
706,"Izaak","Hawker","ihawkerjl@123-reg.co.uk","Urology","942-688-8350","22-948-0630",11
705,"Early","Kenright","ekenrightjk@aboutads.info","Surgery","352-359-3781","66-933-7068",18
704,"Kynthia","Forton","kfortonjj@tamu.edu","Psychiatry","312-443-2417","03-396-9632",2
703,"Syman","Langmead","slangmeadji@multiply.com","Vascular surgery","531-381-7591","50-401-8630",16
702,"Dell","Lutz","dlutzjh@amazon.co.uk","Vascular surgery","134-813-8478","17-716-0786",7
701,"Jarret","Lynnitt","jlynnittjg@gizmodo.com","Rheumatology","105-761-8641","99-832-8026",14
700,"Wilow","Nano","wnanojf@umn.edu","Pulmonology","619-492-4267","08-220-8403",7
699,"Natale","Lefridge","nlefridgeje@redcross.org","Geriatrics","195-764-7895","84-051-7164",2
698,"Hashim","Adlard","hadlardjd@psu.edu","Cardiology","853-655-4149","62-167-9146",11
697,"Ronny","Gravet","rgravetjc@google.es","Otolaryngology","787-229-2256","67-315-6250",14
696,"Eulalie","Lorroway","elorrowayjb@canalblog.com","General practice","964-965-1136","66-588-3249",14
695,"Estelle","Guirau","eguirauja@smh.com.au","Otolaryngology","256-827-2536","01-476-9344",14
694,"Valma","Ainge","vaingej9@columbia.edu","Psychiatry","934-441-5537","10-724-7664",10
693,"Davis","Phonix","dphonixj8@gov.uk","Orthopaedics","810-336-8038","60-079-9974",18
692,"Sayre","Bultitude","sbultitudej7@creativecommons.org","Vascular surgery","906-475-5669","67-412-9956",17
691,"Ellie","Sissot","esissotj6@yale.edu","Surgery","265-918-3599","48-608-6811",7
690,"Clerkclaude","Sedgeman","csedgemanj5@discovery.com","Hematology","222-886-2956","53-918-0567",7
689,"Delbert","Swinley","dswinleyj4@privacy.gov.au","Dentistry","812-121-5179","36-213-8556",8
688,"Gabe","Schwerin","gschwerinj3@youtu.be","Radiology","379-943-3907","29-875-8257",4
687,"Fawn","Firbanks","ffirbanksj2@fc2.com","Neurology","147-509-6563","78-636-3708",5
686,"Magdalena","Galiero","mgalieroj1@dailymail.co.uk","General practice","515-279-2447","66-978-0576",5
685,"Charlot","Ginner","cginnerj0@nifty.com","Cardiology","655-281-8284","07-983-9158",13
684,"Pepillo","Craythorn","pcraythorniz@senate.gov","Respiratory medicine","485-851-6245","53-061-9551",17
683,"Joe","Bexon","jbexoniy@patch.com","Endocrinology","699-872-3367","72-701-8707",1
682,"Vitoria","Postgate","vpostgateix@biblegateway.com","Rheumatology","404-480-2219","32-684-8620",10
681,"Roma","Paterno","rpaternoiw@surveymonkey.com","Surgery","880-482-3844","06-383-9615",16
680,"Demott","Dabney","ddabneyiv@freewebs.com","Ophthalmology","680-590-2854","58-182-7876",15
679,"Donalt","Dwelly","ddwellyiu@ycombinator.com","Pediatrics","993-456-3832","32-251-5406",3
678,"Daisy","Jaggs","djaggsit@typepad.com","Surgery","724-406-7048","29-858-0927",11
677,"Hartley","Grece","hgreceis@marriott.com","Surgery","981-738-0321","62-197-9478",3
676,"Kennith","Rimes","krimesir@sfgate.com","Otolaryngology","209-427-3326","14-001-3263",12
675,"Duke","Wilkes","dwilkesiq@addthis.com","Rheumatology","326-738-7850","42-369-8118",7
674,"Sibilla","Camber","scamberip@squarespace.com","Otolaryngology","824-999-5064","19-586-7500",1
673,"Corbett","Ketton","ckettonio@desdev.cn","Radiology","445-833-8400","82-810-6094",14
672,"Mirilla","O'Daly","modalyin@devhub.com","Infectious diseases","463-756-7498","47-348-9222",17
671,"Gianina","Franzelini","gfranzeliniim@vimeo.com","Radiology","761-324-1226","44-727-2933",5
670,"Nicoline","Dunne","ndunneil@taobao.com","Geriatrics","786-927-4283","98-106-8770",1
669,"Minetta","Jurek","mjurekik@examiner.com","Pediatrics","644-289-1046","04-694-6799",6
668,"Ennis","Aveyard","eaveyardij@chronoengine.com","Respiratory medicine","787-684-1440","33-935-6432",8
667,"Grier","Scorrer","gscorrerii@whitehouse.gov","Respiratory medicine","774-841-6427","10-930-9743",15
666,"Dot","Sawbridge","dsawbridgeih@smugmug.com","Otolaryngology","602-206-3496","70-174-2722",15
768,"Dinny","Cohani","dcohanilb@sciencedaily.com","Surgery","935-268-3126","40-326-2623",18
767,"Gilberte","Gyenes","ggyenesla@ca.gov","Ophthalmology","703-665-7608","67-609-9456",8
766,"Hamlen","Stefi","hstefil9@statcounter.com","Ophthalmology","216-596-1315","47-498-2426",10
765,"Gary","Freemantle","gfreemantlel8@hostgator.com","Otolaryngology","502-384-0496","14-713-8934",10
764,"Kalina","Snelson","ksnelsonl7@jiathis.com","Otolaryngology","957-327-4302","51-973-8162",1
763,"Rakel","Huyghe","rhuyghel6@instagram.com","Endocrinology","976-875-6301","42-846-2504",9
762,"Tanney","Shane","tshanel5@indiegogo.com","Surgery","938-197-7878","20-271-0538",3
761,"Osbert","Fairn","ofairnl4@cisco.com","Respiratory medicine","231-992-3214","37-583-4824",18
760,"Chelsae","Budgett","cbudgettl3@amazon.co.jp","Obstetrics and gynaecology","703-222-3063","12-722-2831",9
759,"Carolin","Overel","coverell2@shop-pro.jp","Orthopedics","893-873-9615","89-107-4850",18
758,"Esdras","Crinson","ecrinsonl1@yandex.ru","General practice","553-127-9913","04-230-0943",7
757,"Justus","Vaudrey","jvaudreyl0@slashdot.org","Urology","963-826-0407","16-319-4732",8
756,"Almira","Burdge","aburdgekz@yellowbook.com","Allergology","885-977-4475","50-629-3109",1
755,"Raquela","Braywood","rbraywoodky@ovh.net","Hematology","810-582-7608","49-950-5892",17
754,"Vinita","Nassie","vnassiekx@huffingtonpost.com","Psychiatry","815-208-4756","01-062-5161",18
753,"Enrika","Macklin","emacklinkw@gov.uk","Orthopedics","923-838-2480","00-309-5739",10
752,"Lucius","Chaytor","lchaytorkv@deviantart.com","Orthopaedics","568-561-4289","77-198-4631",5
751,"Hailey","Moukes","hmoukesku@artisteer.com","Endocrinology","621-143-9839","14-132-8023",17
750,"Hyacinthia","Franciskiewicz","hfranciskiewiczkt@gnu.org","Anaesthesiology","868-355-5436","46-323-5997",1
749,"Phil","Staten","pstatenks@theatlantic.com","Infectious diseases","662-446-9153","77-844-6534",6
748,"Roby","Cloney","rcloneykr@shutterfly.com","Dentistry","893-531-2924","57-368-3392",7
747,"Kassie","Everington","keveringtonkq@virginia.edu","Obstetrics and gynaecology","434-528-9667","37-963-6457",4
746,"Mathias","Membry","mmembrykp@omniture.com","Neurology","216-713-6365","82-711-5367",9
745,"Fedora","Prop","fpropko@ask.com","Psychiatry","338-633-2675","44-336-9169",12
744,"Cecil","Halliwell","challiwellkn@dailymail.co.uk","Hematology","676-787-3252","58-418-8304",1
743,"Inger","Brideau","ibrideaukm@nasa.gov","Geriatrics","897-736-2166","37-787-9391",14
742,"Alfreda","Eliez","aeliezkl@yolasite.com","Oncology","803-840-7455","68-287-5557",6
741,"Tammara","Showen","tshowenkk@hc360.com","Endocrinology","895-620-9669","98-121-1231",16
740,"Arly","Dearan","adearankj@dedecms.com","Rheumatology","943-851-5899","35-332-2395",4
739,"Esme","Arnau","earnauki@ted.com","Anaesthesiology","508-356-1017","51-865-9541",15
738,"Celeste","Fairfull","cfairfullkh@utexas.edu","Infectious diseases","515-385-4761","60-528-9985",10
737,"Dona","Petras","dpetraskg@ehow.com","Gastroenterology","705-292-8175","46-490-6616",15
736,"Avril","Boughen","aboughenkf@storify.com","Urology","772-999-5505","85-754-7091",9
734,"Alphonse","Mitrikhin","amitrikhinkd@unesco.org","Surgery","410-882-8092","76-970-0324",8
733,"Land","de Mendoza","ldemendozakc@ftc.gov","Nephrology","757-153-3064","81-936-9453",7
732,"Edi","Claiden","eclaidenkb@simplemachines.org","Neurology","984-882-0590","08-901-1284",4
731,"Jonah","Trodler","jtrodlerka@google.it","Endocrinology","294-750-4267","45-286-9580",6
730,"Frazer","Fireman","ffiremank9@upenn.edu","Orthopaedics","782-413-3523","40-819-4893",17
729,"Cristal","Cassidy","ccassidyk8@stumbleupon.com","Clinical pharmacology","757-475-7744","44-376-2900",16
728,"Gawen","Wythill","gwythillk7@alibaba.com","Geriatrics","391-636-5471","45-924-5448",12
727,"Neddy","Waslin","nwaslink6@artisteer.com","Surgery","920-873-6319","75-120-2970",4
726,"Cleopatra","Benasik","cbenasikk5@angelfire.com","Infectious diseases","553-820-3619","17-208-5223",9
725,"Ingelbert","Spivey","ispiveyk4@sbwire.com","Dermatology","576-190-3024","64-630-8356",18
724,"Birdie","Arrol","barrolk3@miibeian.gov.cn","Clinical pharmacology","954-877-2720","81-879-6621",14
723,"Upton","Bolzmann","ubolzmannk2@webs.com","Otolaryngology","609-423-8653","96-114-7017",16
722,"Courtney","Steward","cstewardk1@t.co","Urology","702-120-6395","98-198-9830",14
721,"Stephi","Girardoni","sgirardonik0@deviantart.com","Rheumatology","648-991-0816","23-242-0761",10
720,"Jacquette","Gleasane","jgleasanejz@comsenz.com","Surgery","985-804-1291","85-282-0220",3
719,"Elianore","Koomar","ekoomarjy@goo.gl","Ophthalmology","749-843-9163","85-531-9596",6
718,"Geralda","Glasby","gglasbyjx@bbb.org","Gastroenterology","718-700-7056","18-110-3439",5
820,"Killian","Tapner","ktapnermr@mtv.com","Gastroenterology","873-674-8016","32-462-1123",18
819,"Bryanty","Yann","byannmq@nih.gov","Radiology","957-850-9078","94-321-6779",4
818,"Elset","North","enorthmp@cocolog-nifty.com","Clinical pharmacology","325-965-5398","44-046-8146",11
817,"Min","Denekamp","mdenekampmo@wunderground.com","Urology","533-947-5205","68-328-7934",8
816,"Barth","Orpin","borpinmn@blogtalkradio.com","Pulmonology","669-564-1699","59-064-0991",4
815,"Dolph","Macourek","dmacourekmm@mit.edu","Psychiatry","669-413-4466","48-377-9002",11
814,"Tasia","Quickenden","tquickendenml@redcross.org","Clinical pharmacology","408-860-5447","46-365-1353",9
813,"Juieta","Canepe","jcanepemk@digg.com","Neurology","136-647-2046","85-031-8457",18
812,"Gal","Rispen","grispenmj@dailymail.co.uk","Clinical pharmacology","118-627-5985","64-056-3831",1
811,"Pansy","Buttle","pbuttlemi@jugem.jp","Pediatrics","873-962-7849","88-619-9625",2
810,"Vilma","Aldersley","valdersleymh@prlog.org","Surgery","207-106-0777","85-517-0424",14
809,"Husein","Robken","hrobkenmg@yahoo.co.jp","Rehabilitation medicine","902-996-4089","21-966-1554",5
808,"Wadsworth","Braven","wbravenmf@businessinsider.com","Nephrology","908-157-3970","00-129-2333",13
807,"Iorgos","Obeney","iobeneyme@ihg.com","Anaesthesiology","289-574-9317","44-348-1822",15
806,"Shaun","Enriques","senriquesmd@time.com","Surgery","560-657-4813","57-077-3208",7
805,"Gene","O'Doherty","godohertymc@samsung.com","Urology","807-890-0792","26-913-0026",3
804,"Charity","Polgreen","cpolgreenmb@netlog.com","Dentistry","647-294-6844","35-418-7332",2
803,"Alexandre","Stichel","astichelma@homestead.com","Ophthalmology","956-797-8113","07-167-6631",11
802,"Melitta","Annon","mannonm9@cmu.edu","Cardiology","718-515-3415","30-100-0071",3
801,"Jessica","Shoobridge","jshoobridgem8@ifeng.com","Vascular surgery","458-893-9923","95-675-0958",6
800,"Berenice","Taysbil","btaysbilm7@1und1.de","Geriatrics","201-583-4180","69-760-7860",14
799,"Alick","Ibbison","aibbisonm6@jimdo.com","Endocrinology","313-471-5029","78-114-7685",9
798,"Devora","Oldroyde","doldroydem5@blinklist.com","Respiratory medicine","930-288-4286","65-204-4943",9
797,"Kiah","Theodore","ktheodorem4@newsvine.com","Endocrinology","599-137-7805","82-648-2312",2
796,"Grantley","Manby","gmanbym3@auda.org.au","Rehabilitation medicine","965-273-3361","67-380-1002",13
795,"Evelin","Connor","econnorm2@home.pl","Rehabilitation medicine","865-663-9587","55-362-0222",3
794,"Hollie","Buncombe","hbuncombem1@spotify.com","Surgery","854-750-3683","92-245-1240",10
793,"Willi","Luggar","wluggarm0@answers.com","Radiology","640-318-1835","42-043-9940",4
792,"Gates","Strutt","gstruttlz@vkontakte.ru","Allergology","372-376-1013","98-097-1499",4
791,"Farly","Hallas","fhallasly@google.it","Infectious diseases","532-533-4890","23-621-6688",17
790,"Sabra","Portail","sportaillx@yandex.ru","Dermatology","343-495-5544","54-216-5907",17
789,"Daryn","Dale","ddalelw@aol.com","Nephrology","683-169-9528","16-008-7931",16
788,"Ravid","Boatswain","rboatswainlv@wordpress.com","Obstetrics and gynaecology","729-877-8929","35-211-2154",2
787,"Madel","Ledur","mledurlu@dot.gov","Geriatrics","792-309-4747","40-127-7927",14
786,"Ruddie","Cockaday","rcockadaylt@google.com","Vascular surgery","647-455-7372","35-643-4189",11
785,"Worden","Wride","wwridels@parallels.com","Radiology","844-997-0899","32-608-7288",13
784,"Yorke","Hrinchenko","yhrinchenkolr@wired.com","General practice","137-967-3699","98-240-1308",5
783,"Walker","Loudiane","wloudianelq@nasa.gov","Allergology","886-136-8878","28-822-7441",17
782,"Gardy","Rizzardini","grizzardinilp@usatoday.com","Allergology","703-544-3140","93-919-1100",15
781,"Ivor","Arson","iarsonlo@hao123.com","Anaesthesiology","707-960-6441","57-007-3979",2
780,"Ericka","Mahaddy","emahaddyln@redcross.org","Obstetrics and gynaecology","586-203-5403","31-027-8728",2
779,"Arri","Eddy","aeddylm@senate.gov","Rheumatology","758-539-5880","57-640-0813",6
778,"Aubine","Steers","asteersll@github.io","Surgery","231-383-7795","61-143-3528",2
777,"Ephraim","Wray","ewraylk@mtv.com","Cardiology","585-820-4818","72-185-4395",12
776,"Alikee","Bownd","abowndlj@a8.net","Oncology","845-111-8828","87-619-4674",17
775,"Rhianna","Camus","rcamusli@tuttocitta.it","Surgery","819-980-4153","65-487-1386",18
774,"Concettina","Schaffel","cschaffellh@jugem.jp","Cardiology","519-289-3540","51-886-4695",9
773,"Erin","Martini","emartinilg@sun.com","Surgery","540-709-6159","19-755-4474",6
772,"Celestia","Stoffels","cstoffelslf@webnode.com","Clinical pharmacology","432-550-1633","73-409-9307",7
771,"Rorke","Jeyness","rjeynessle@mozilla.org","Pulmonology","575-729-5115","88-346-9662",16
770,"Mallory","MacGinney","mmacginneyld@bloglines.com","Ophthalmology","620-827-2372","95-916-6266",7
871,"Dorothee","Blincko","dblinckoo6@thetimes.co.uk","Urology","429-939-5559","78-427-7782",9
870,"Viviyan","Dracksford","vdracksfordo5@sphinn.com","Respiratory medicine","414-374-5958","60-620-0694",11
869,"Mariam","Phorsby","mphorsbyo4@mysql.com","Pediatrics","734-127-7702","95-924-8044",12
868,"Gun","Duligal","gduligalo3@tinyurl.com","Radiology","748-358-6277","10-388-6298",2
867,"Odetta","Merredy","omerredyo2@tripod.com","Internal medicine","578-500-6211","75-902-6508",10
866,"Harman","Shew","hshewo1@psu.edu","Pediatrics","289-807-7557","34-261-6341",12
865,"Anna-diane","Baversor","abaversoro0@cdc.gov","General practice","859-999-7838","50-091-6574",2
864,"Faith","McCormack","fmccormacknz@devhub.com","Gastroenterology","247-927-9069","25-127-7974",10
863,"Gay","Daysh","gdayshny@amazon.de","Radiology","423-780-9344","21-885-2788",15
862,"Vyky","Pheasant","vpheasantnx@google.it","Otolaryngology","751-494-1171","03-924-5733",13
861,"Kessia","Sandcraft","ksandcraftnw@canalblog.com","Obstetrics and gynaecology","446-123-5029","65-478-1705",13
860,"Milli","Timbridge","mtimbridgenv@cbc.ca","Surgery","326-602-7976","03-777-4536",6
859,"Felic","Jeannel","fjeannelnu@blogger.com","Surgery","322-833-1480","31-190-4770",12
858,"Conrado","Rylands","crylandsnt@tripadvisor.com","Dentistry","375-972-3669","42-972-1409",15
857,"Valentine","Camilio","vcamilions@ycombinator.com","Urology","408-846-6224","81-027-3074",10
856,"Emanuele","Purves","epurvesnr@thetimes.co.uk","Nephrology","724-224-4594","78-976-0150",4
855,"Gertie","Frame","gframenq@geocities.jp","Urology","939-880-3889","51-146-0665",16
854,"Hedwig","Limpricht","hlimprichtnp@gov.uk","Geriatrics","680-641-1339","42-465-4518",11
853,"Gordie","Doud","gdoudno@washington.edu","Endocrinology","335-589-2118","19-210-4123",15
852,"Branden","Ludl","bludlnn@tripod.com","Respiratory medicine","807-547-7313","58-084-8670",8
851,"Byran","Rewan","brewannm@bandcamp.com","Urology","909-574-2050","75-525-4737",13
850,"Prisca","Beauchamp","pbeauchampnl@addthis.com","Allergology","507-386-5355","79-759-7841",4
849,"Valentia","Pettiford","vpettifordnk@skype.com","Ophthalmology","665-382-0355","42-070-6747",6
848,"Eugenio","Matic","ematicnj@ibm.com","Clinical pharmacology","853-514-6304","33-414-9250",1
847,"Christal","Amor","camorni@php.net","Clinical pharmacology","695-824-0641","26-728-5881",12
846,"Mariette","Long","mlongnh@earthlink.net","Orthopedics","240-135-1370","55-233-7242",18
845,"Cary","Bernette","cbernetteng@harvard.edu","Gastroenterology","824-640-7254","65-414-8201",14
844,"Fancie","Stairs","fstairsnf@nature.com","Clinical pharmacology","588-960-9394","72-525-4286",1
843,"Sydel","Shirrell","sshirrellne@cdbaby.com","Clinical pharmacology","443-372-4577","53-011-3514",8
842,"Wilfred","Gimert","wgimertnd@pinterest.com","General practice","448-868-9326","03-565-6764",18
841,"Olag","Brocks","obrocksnc@squarespace.com","Geriatrics","365-307-0986","18-030-2384",1
840,"Estell","Lightewood","elightewoodnb@springer.com","Surgery","142-829-9446","75-209-7624",15
839,"Andriana","Sargeant","asargeantna@jimdo.com","Geriatrics","777-315-4814","64-725-5946",15
838,"Arlyn","Pavlitschek","apavlitschekn9@mtv.com","Vascular surgery","148-846-8199","82-337-3323",11
837,"Yul","Konerding","ykonerdingn8@ihg.com","Dentistry","607-512-8815","83-713-7536",13
836,"Rayshell","Marston","rmarstonn7@redcross.org","Infectious diseases","825-924-7389","72-383-9360",8
835,"Ravi","Belshaw","rbelshawn6@photobucket.com","Psychiatry","998-415-2182","95-700-5406",4
834,"Goldie","Stinson","gstinsonn5@acquirethisname.com","Neurology","535-685-2816","46-447-2034",12
833,"Filbert","Breit","fbreitn4@time.com","Oncology","882-343-9702","75-928-5945",12
832,"Tab","Orbon","torbonn3@alibaba.com","Psychiatry","140-455-7405","68-049-4076",6
831,"Marys","Phillott","mphillottn2@craigslist.org","Ophthalmology","596-314-5590","92-990-6476",11
830,"Hayes","Darlison","hdarlisonn1@merriam-webster.com","Dentistry","734-670-7102","51-249-1854",4
829,"Isadore","Stather","istathern0@livejournal.com","Endocrinology","605-588-3914","71-126-4655",7
828,"Candie","Jackalin","cjackalinmz@dmoz.org","Dentistry","434-839-3189","35-637-1194",7
827,"Barnebas","Bonehill","bbonehillmy@howstuffworks.com","Internal medicine","134-577-4073","38-614-9988",12
826,"Coriss","Farlowe","cfarlowemx@forbes.com","Surgery","536-172-9746","25-504-8775",15
825,"Evvy","Brandes","ebrandesmw@prnewswire.com","Anaesthesiology","649-689-1177","33-988-3182",4
824,"Cari","Kundert","ckundertmv@geocities.jp","Anaesthesiology","229-425-0293","96-474-5254",12
823,"Lynett","McDaid","lmcdaidmu@cmu.edu","Surgery","886-103-4265","55-355-2466",12
822,"Sibley","Stennes","sstennesmt@nationalgeographic.com","Internal medicine","576-518-8504","47-909-4926",11
922,"Katerina","Igoe","kigoepl@dedecms.com","Clinical pharmacology","687-935-4262","18-395-9975",1
921,"Chip","Watsham","cwatshampk@comsenz.com","Rheumatology","244-461-8582","86-422-7295",14
920,"Rodrick","Foulstone","rfoulstonepj@geocities.jp","Orthopaedics","358-778-1159","32-816-7532",10
919,"Ronnie","Bosnell","rbosnellpi@typepad.com","Orthopedics","868-466-8217","52-826-7965",5
918,"Aeriela","McEwan","amcewanph@biblegateway.com","Endocrinology","301-308-6586","30-548-2357",16
917,"Bradley","Klejin","bklejinpg@google.ca","Hematology","317-705-1574","90-694-9116",7
916,"Bobbie","Tolomelli","btolomellipf@archive.org","Endocrinology","541-914-7762","86-621-3474",15
915,"Geoffrey","Willerson","gwillersonpe@sitemeter.com","Surgery","895-921-5075","39-445-2355",17
914,"Dov","Polak","dpolakpd@github.io","Orthopaedics","355-894-1953","08-327-2135",10
913,"Loralyn","Prangnell","lprangnellpc@npr.org","Dentistry","131-927-1594","47-457-4565",1
912,"Arther","Coulton","acoultonpb@mtv.com","Neurology","755-135-9531","97-601-1315",6
911,"Ave","Crathorne","acrathornepa@comsenz.com","Dermatology","201-548-6984","81-066-9857",16
910,"Erik","Lerner","elernerp9@google.nl","Orthopaedics","577-847-9722","63-807-6073",1
909,"Eolande","Loache","eloachep8@dailymail.co.uk","Rehabilitation medicine","893-361-6191","73-668-4419",13
908,"Billy","Wyles","bwylesp7@whitehouse.gov","Gastroenterology","283-982-1681","92-288-7007",13
907,"Ashla","Spedding","aspeddingp6@mozilla.org","Surgery","297-629-1916","01-488-5518",11
906,"Umberto","Weond","uweondp5@si.edu","Ophthalmology","812-776-4135","62-112-2163",2
905,"Matthiew","Harroway","mharrowayp4@t-online.de","Oncology","691-864-4036","75-906-8769",5
904,"Sissie","Ledner","slednerp3@businessweek.com","Oncology","812-757-1257","05-096-1768",4
903,"Archibald","Cushelly","acushellyp2@yolasite.com","Orthopaedics","906-596-0420","37-785-4894",15
902,"Lanny","Domke","ldomkep1@amazon.co.jp","Cardiology","432-935-6318","47-050-9261",17
901,"Delmar","Bourton","dbourtonp0@slate.com","General practice","277-746-3000","33-839-7241",2
900,"Franklyn","Kennea","fkenneaoz@phpbb.com","Surgery","743-178-2151","31-423-6701",5
899,"Winnah","Klaessen","wklaessenoy@globo.com","Respiratory medicine","282-312-2643","36-820-4638",12
898,"Romain","Lilford","rlilfordox@tmall.com","Surgery","273-324-9166","31-315-2639",13
897,"Hinze","Pecht","hpechtow@google.it","Surgery","509-776-0875","27-424-5549",11
896,"Guss","McClurg","gmcclurgov@cpanel.net","Rehabilitation medicine","916-305-4992","29-553-0869",17
895,"Meris","Blampey","mblampeyou@oakley.com","Surgery","774-984-2784","59-083-4010",8
894,"Tera","Maharry","tmaharryot@cafepress.com","Rehabilitation medicine","921-797-7443","63-221-9612",3
893,"Beryle","Arnauduc","barnauducos@alexa.com","Surgery","784-808-2106","60-013-8785",2
892,"Kristyn","Macconachy","kmacconachyor@ftc.gov","Psychiatry","254-326-9603","04-216-7388",6
891,"Lezlie","Bardey","lbardeyoq@ted.com","Allergology","730-584-0458","87-372-1025",6
890,"Giavani","Castellanos","gcastellanosop@blogtalkradio.com","Dentistry","807-321-8135","84-043-7682",14
889,"Roddy","Chasier","rchasieroo@epa.gov","Pulmonology","710-955-7379","46-328-4927",6
888,"Kurt","Ruprecht","kruprechton@edublogs.org","Clinical pharmacology","114-330-4060","86-478-8558",8
887,"Iolande","Benedicto","ibenedictoom@tripod.com","Allergology","109-569-3308","73-887-3296",7
886,"Deane","Abels","dabelsol@princeton.edu","Internal medicine","599-462-3584","27-063-0957",9
885,"Howie","Jeays","hjeaysok@xinhuanet.com","Pediatrics","796-157-5387","17-091-1685",9
884,"Clement","Cisco","cciscooj@ocn.ne.jp","Vascular surgery","392-255-4152","49-939-9040",2
883,"Diandra","Mullinder","dmullinderoi@hhs.gov","Geriatrics","611-745-8283","08-160-1903",3
882,"Natasha","Fulle","nfulleoh@youku.com","Pediatrics","420-308-6443","31-627-9172",18
881,"Micky","Wind","mwindog@gravatar.com","Psychiatry","835-115-7827","44-320-6722",4
880,"Mareah","Toomey","mtoomeyof@cocolog-nifty.com","Respiratory medicine","806-253-2746","18-062-9328",8
879,"Terra","Ludlow","tludlowoe@nba.com","Dermatology","205-720-7194","54-196-1826",18
878,"Eustace","Fallen","efallenod@wired.com","Ophthalmology","819-422-8296","42-213-1620",5
877,"Alyson","Broun","abrounoc@artisteer.com","Urology","377-764-9722","16-743-3019",6
876,"Tressa","Brewerton","tbrewertonob@prweb.com","Dentistry","152-920-1678","04-760-6228",10
875,"Deny","Daveridge","ddaveridgeoa@patch.com","Pulmonology","896-824-7093","28-874-5282",13
874,"Jarrid","Hamlin","jhamlino9@networkadvertising.org","Respiratory medicine","506-180-0480","79-184-0118",4
873,"Tommi","Pounds","tpoundso8@cmu.edu","Dermatology","561-259-2959","40-934-1010",18
973,"Tobi","Yanshin","tyanshinr0@digg.com","Obstetrics and gynaecology","625-264-1750","78-790-3566",16
972,"Morgen","Gwioneth","mgwionethqz@sfgate.com","Dentistry","555-358-0871","53-687-1061",11
971,"Jeramey","Clamp","jclampqy@surveymonkey.com","Orthopedics","961-854-7088","53-756-2379",13
970,"Zilvia","Buche","zbucheqx@exblog.jp","Ophthalmology","581-173-7333","10-989-6909",11
969,"Clim","Viant","cviantqw@addtoany.com","Ophthalmology","728-107-9916","57-800-7436",3
968,"Carly","Lilleyman","clilleymanqv@time.com","Pediatrics","463-982-1319","33-596-7984",3
967,"Constantina","Mullineux","cmullineuxqu@ifeng.com","Surgery","316-455-6902","01-160-8715",16
966,"Bordy","Vaissiere","bvaissiereqt@cnbc.com","Surgery","411-391-5663","90-891-4616",5
965,"Iris","MacSween","imacsweenqs@moonfruit.com","Oncology","396-133-1735","72-149-2743",4
964,"Kelwin","Hillock","khillockqr@xing.com","Rheumatology","710-720-9240","01-916-6491",13
963,"Adamo","Cruse","acruseqq@uol.com.br","Dermatology","748-280-9484","65-177-0016",9
962,"Shell","Ellor","sellorqp@tinyurl.com","Oncology","875-112-3005","59-567-5983",13
961,"Lorrayne","Gallahar","lgallaharqo@smh.com.au","Psychiatry","208-655-5770","03-192-9050",4
960,"Mordy","Thay","mthayqn@harvard.edu","Orthopaedics","104-522-7630","82-249-7845",7
959,"Lucine","Wainman","lwainmanqm@cbc.ca","Geriatrics","376-351-4226","94-981-6536",16
958,"Bryce","Jorger","bjorgerql@toplist.cz","Radiology","829-856-8600","88-685-5872",2
957,"Rois","Baptie","rbaptieqk@symantec.com","Nephrology","284-153-5815","18-688-1072",11
956,"Brendis","Happs","bhappsqj@elpais.com","Nephrology","857-592-4461","71-634-5931",15
955,"Mona","Cuchey","mcucheyqi@google.com.hk","Obstetrics and gynaecology","954-117-5874","88-319-6998",4
954,"Melisenda","Slade","msladeqh@sitemeter.com","Psychiatry","596-642-9491","55-298-1044",17
953,"Paloma","Serman","psermanqg@github.com","Obstetrics and gynaecology","395-500-6608","09-883-9487",1
952,"Joleen","Hullyer","jhullyerqf@canalblog.com","Infectious diseases","604-139-6948","82-345-6053",11
951,"Otha","Leven","olevenqe@va.gov","Dentistry","260-537-7252","89-231-2660",8
950,"Modestia","Castiglione","mcastiglioneqd@boston.com","Hematology","758-267-5785","66-162-0662",16
949,"Blaire","Cleynaert","bcleynaertqc@marketwatch.com","Internal medicine","343-905-6471","67-139-1739",6
948,"Cristina","Scrowson","cscrowsonqb@photobucket.com","Internal medicine","640-287-4136","56-384-5359",1
947,"Clarie","Holston","cholstonqa@cmu.edu","Radiology","376-553-5994","87-548-1842",2
946,"Rudiger","Raubenheim","rraubenheimq9@gizmodo.com","Nephrology","152-938-9695","51-859-3971",5
945,"Krista","Lanchberry","klanchberryq8@reuters.com","Anaesthesiology","937-124-3765","04-168-4163",7
944,"Jeremy","Klessmann","jklessmannq7@webnode.com","Internal medicine","633-444-4196","60-746-9978",13
943,"Dori","Moylane","dmoylaneq6@wix.com","Rheumatology","547-818-0329","96-275-4859",10
942,"Vito","Gopsall","vgopsallq5@google.ca","Pulmonology","868-676-2991","32-981-6739",7
941,"Clarisse","Tibols","ctibolsq4@unc.edu","Hematology","263-548-8678","40-393-4982",4
940,"Faunie","Kaliszewski","fkaliszewskiq3@cam.ac.uk","Hematology","610-699-3279","64-086-2401",6
939,"Francyne","Dmitrievski","fdmitrievskiq2@pcworld.com","Cardiology","725-983-0131","89-290-4792",5
938,"Boycey","Stang-Gjertsen","bstanggjertsenq1@usnews.com","Dermatology","182-622-6420","72-637-1771",13
937,"Juliane","Buston","jbustonq0@globo.com","Anaesthesiology","523-728-9501","73-108-3672",16
936,"Norina","Penley","npenleypz@skype.com","Allergology","871-214-8727","87-697-9565",11
935,"Niall","Colloby","ncollobypy@illinois.edu","Rheumatology","594-573-7570","35-703-3452",17
934,"Sully","Gloyens","sgloyenspx@t.co","Hematology","850-390-6713","32-444-0425",7
933,"Bran","Cornillot","bcornillotpw@typepad.com","Nephrology","955-658-0251","95-472-5323",8
932,"Deerdre","Folonin","dfoloninpv@wiley.com","Neurology","396-198-5890","69-977-5542",4
931,"Cherye","Caustick","ccaustickpu@moonfruit.com","Surgery","602-650-0754","62-555-8359",12
930,"Hermine","Allsop","hallsoppt@pinterest.com","Dentistry","716-915-4776","05-792-2186",12
929,"Timothee","Jindrich","tjindrichps@shinystat.com","Urology","612-495-0101","91-957-0491",10
928,"Mirelle","Manwell","mmanwellpr@nydailynews.com","Dermatology","250-310-5814","76-156-2552",9
927,"Orin","Cradock","ocradockpq@springer.com","Nephrology","307-239-5106","53-115-5471",18
926,"Sawyere","Stares","sstarespp@hubpages.com","Dermatology","753-395-2746","73-359-8945",18
925,"Hedy","Tarzey","htarzeypo@yellowbook.com","Allergology","984-872-0916","79-199-6987",16
924,"Dallas","Schanke","dschankepn@opensource.org","Cardiology","846-882-8332","88-590-7916",17
1000,"Estelle","Khotler","ekhotlerrr@china.com.cn","Orthopaedics","990-542-3583","81-922-7543",5
999,"Tod","Care","tcarerq@symantec.com","Vascular surgery","141-868-2150","93-921-1926",8
998,"Tallie","Absolon","tabsolonrp@bbb.org","Dermatology","845-259-9899","19-420-9344",7
997,"Vivian","Hadkins","vhadkinsro@netlog.com","Neurology","988-469-1023","86-727-8125",8
996,"Caryl","Gentreau","cgentreaurn@studiopress.com","Neurology","834-267-6711","99-399-9226",18
995,"Gasper","Piggins","gpigginsrm@foxnews.com","Ophthalmology","167-750-3505","01-763-4673",17
994,"Morry","Earwaker","mearwakerrl@list-manage.com","Respiratory medicine","466-486-7943","23-303-3649",13
993,"Arie","Philpots","aphilpotsrk@wunderground.com","Surgery","396-687-6667","25-776-6278",17
992,"Blondie","Sparkwell","bsparkwellrj@hugedomains.com","Pediatrics","393-793-7224","32-570-2209",5
991,"Geoffrey","Beverley","gbeverleyri@rakuten.co.jp","Neurology","908-429-5936","03-762-5662",3
990,"Murry","Batstone","mbatstonerh@examiner.com","Pulmonology","997-199-1400","79-549-0547",15
989,"Wain","Queste","wquesterg@posterous.com","Pediatrics","621-721-4978","98-354-2706",15
988,"Rozamond","Braunes","rbraunesrf@rambler.ru","Nephrology","243-805-7940","50-398-8559",5
987,"Davine","McLagain","dmclagainre@gizmodo.com","Otolaryngology","935-981-4860","16-707-3096",13
986,"Duky","Delnevo","ddelnevord@scribd.com","Hematology","702-586-7144","06-727-7679",6
985,"Meridel","Bingell","mbingellrc@google.com.br","Allergology","687-494-9836","34-150-0223",4
984,"Celle","Meyrick","cmeyrickrb@bigcartel.com","Dentistry","394-822-3222","20-481-4124",2
983,"Flint","Rodriguez","frodriguezra@sfgate.com","Surgery","269-477-1418","33-427-4005",11
982,"Hortensia","Bourcq","hbourcqr9@bluehost.com","Orthopaedics","429-251-8066","85-055-6287",1
981,"Lacey","Cawkwell","lcawkwellr8@smugmug.com","Respiratory medicine","796-747-7069","91-091-2428",14
980,"Geno","Millward","gmillwardr7@time.com","Internal medicine","411-721-6067","05-117-3911",17
979,"Alfonse","Dutson","adutsonr6@fastcompany.com","Surgery","986-876-0941","86-557-6856",10
978,"Penny","O'Siaghail","posiaghailr5@photobucket.com","Oncology","763-830-7045","31-798-6171",9
977,"Don","Linger","dlingerr4@columbia.edu","Surgery","915-223-8073","72-644-7276",1
976,"Cole","Lamburne","clamburner3@cmu.edu","Oncology","806-469-5831","47-590-2632",15
975,"Judi","Semple","jsempler2@prnewswire.com","Ophthalmology","953-164-3632","13-730-0728",8
974,"Lucais","Bissex","lbissexr1@amazon.co.jp","Psychiatry","705-400-1246","86-472-4596",16
923,"Sacha","Dunkerly","sdunkerlypm@chronoengine.com","Hematology","601-999-0293","12-714-1746",15
872,"Daphna","Galiero","dgalieroo7@live.com","Endocrinology","597-505-8792","14-815-0653",2
821,"Cally","Kitching","ckitchingms@example.com","Gastroenterology","424-396-5374","19-151-2955",13
769,"Carolan","Kippax","ckippaxlc@apache.org","Respiratory medicine","233-646-5084","23-779-7742",12
735,"Lissy","McPhaden","lmcphadenke@scribd.com","Clinical pharmacology","782-916-1887","90-269-9425",11
717,"Adina","MacRury","amacruryjw@uiuc.edu","Surgery","744-369-9703","37-052-5836",5
665,"Aubry","Melia","ameliaig@cdbaby.com","Rheumatology","186-248-9438","08-618-1682",6
614,"Amara","MacLaughlin","amaclaughlinh1@mysql.com","Dentistry","794-124-1323","95-788-7863",14
563,"Matias","Pierpoint","mpierpointfm@forbes.com","Rheumatology","832-797-3242","64-604-5690",5
512,"Susanna","Troctor","stroctore7@blog.com","Pulmonology","843-924-1224","13-003-8439",6
461,"Towny","Balffye","tbalffyecs@squarespace.com","Endocrinology","797-924-0920","74-344-0741",4
410,"Cornie","Wakeford","cwakefordbd@blog.com","Pediatrics","458-301-8706","78-101-7005",17
359,"Dyanne","Craig","dcraig9y@economist.com","Ophthalmology","478-782-3483","66-442-8664",18
307,"Shamus","Southby","ssouthby8i@t-online.de","Dermatology","760-338-5778","09-607-9672",15
255,"Antons","Trehearne","atrehearne72@bandcamp.com","Infectious diseases","302-951-8622","88-015-5870",15
205,"Golda","Kremer","gkremer5o@engadget.com","Urology","967-361-1812","58-652-8567",6
154,"Jacky","Hearon","jhearon49@purevolume.com","Hematology","691-107-9597","78-692-9674",6
102,"Elbert","Gianasi","egianasi2t@facebook.com","Gastroenterology","253-196-2095","13-891-3235",14
51,"Pooh","Fawkes","pfawkes1e@hatena.ne.jp","Oncology","813-409-4858","93-156-6082",10
